レース条件,ボックス,人気,券種,R数,点数,的中,的中率,累計ROI,最悪年,100%超年数
道悪,MF複勝5位以内,全馬4番人気以下,3連複,1804,692,4,0.6,111.1,0.0,2
長距離2100+,MF複勝5位以内,全馬3番人気以内,3連複,1556,1182,128,10.8,92.1,64.2,2
重賞級クラス5+,MF複勝2位以内,全馬3番人気以内,馬連,724,724,96,13.3,91.7,75.8,1
長距離2100+,MF複勝2位以内,制限なし,ワイド,1591,1591,466,29.3,90.8,83.5,1
重賞級クラス5+,MF複勝3位以内,全馬3番人気以内,馬連,1045,1587,186,11.7,90.6,78.5,1
長距離2100+,MF複勝2位以内,全馬3番人気以内,馬連,1075,1075,192,17.9,89.9,82.6,1
長距離2100+,MF複勝2位以内,制限なし,馬連,1591,1591,224,14.1,89.9,72.3,1
ダート,MF複勝3位以内,全馬4番人気以下,ワイド,1075,1177,61,5.2,89.6,38.6,1
ダート,MF複勝3位以内,全馬3番人気以内,3連複,6267,2143,254,11.9,88.9,79.6,1
長距離2100+,MF複勝5位以内,制限なし,3連複,1591,15910,515,3.2,88.6,73.6,1
長距離2100+,MF複勝2位以内,制限なし,馬単,1591,3182,224,7.0,88.1,61.8,1
ダート,MF複勝5位以内,全馬3番人気以内,3連複,7131,5109,493,9.6,87.5,79.2,0
長距離2100+,MF複勝4位以内,全馬3番人気以内,3連複,1522,932,102,10.9,86.6,65.8,1
長距離2100+,MF複勝5位以内,全馬3番人気以内,ワイド,1556,3920,1111,28.3,86.3,81.7,0
ダート,MF複勝4位以内,全馬3番人気以内,3連複,6859,3913,397,10.1,86.1,72.3,0
重賞級クラス5+,MF複勝4位以内,全馬3番人気以内,馬連,1173,2337,244,10.4,86.0,77.9,0
長距離2100+,MF複勝4位以内,全馬3番人気以内,ワイド,1522,3386,991,29.3,86.0,81.2,0
重賞級クラス5+,MF複勝3位以内,全馬3番人気以内,馬単,1045,3174,187,5.9,85.9,74.9,0
長距離2100+,MF複勝2位以内,全馬3番人気以内,馬単,1075,2150,192,8.9,85.9,71.3,1
重賞級クラス5+,MF複勝4位以内,全馬3番人気以内,3連複,1173,582,51,8.8,85.8,62.1,1
長距離2100+,MF複勝3位以内,全馬3番人気以内,馬連,1402,2442,351,14.4,85.8,78.6,0
多頭数16+,MF複勝5位以内,全馬3番人気以内,3連複,5964,4049,314,7.8,85.7,70.9,1
重賞級クラス5+,MF複勝2位以内,全馬3番人気以内,ワイド,724,724,199,27.5,85.6,63.7,1
重賞級クラス5+,MF複勝2位以内,制限なし,ワイド,1307,1307,265,20.3,85.6,67.9,1
重賞級クラス5+,MF複勝2位以内,全馬3番人気以内,馬単,724,1448,97,6.7,85.6,72.3,1
長距離2100+,MF複勝2位以内,全馬3番人気以内,ワイド,1075,1075,375,34.9,85.5,80.2,0
長距離2100+,MF複勝3位以内,全馬3番人気以内,ワイド,1402,2442,753,30.8,85.3,83.9,0
重賞級クラス5+,MF複勝5位以内,全馬3番人気以内,馬連,1233,2825,282,10.0,85.0,76.7,0
ダート,MF複勝2位以内,制限なし,ワイド,7342,7342,1939,26.4,84.8,75.3,0
ダート,MF複勝2位以内,全馬3番人気以内,馬連,4802,4802,776,16.2,84.5,80.4,0
長距離2100+,MF複勝5位以内,全馬3番人気以内,馬連,1556,3920,487,12.4,84.4,75.0,0
少頭数-12,MF複勝2位以内,制限なし,ワイド,4381,4381,1475,33.7,84.4,82.0,0
重賞級クラス5+,MF複勝4位以内,全馬3番人気以内,ワイド,1173,2337,543,23.2,84.4,77.8,0
ダート,MF複勝5位以内,全馬3番人気以内,ワイド,7131,17349,4505,26.0,84.3,81.2,0
少頭数-12,MF複勝2位以内,制限なし,馬連,4381,4381,701,16.0,84.1,77.0,0
長距離2100+,MF複勝4位以内,全馬3番人気以内,馬連,1522,3386,440,13.0,84.1,76.0,0
ダート,MF複勝2位以内,全馬3番人気以内,ワイド,4802,4802,1553,32.3,84.0,76.6,0
全体,MF複勝2位以内,全馬4番人気以下,ワイド,360,360,21,5.8,83.9,0.0,2
少頭数-12,MF複勝2位以内,全馬3番人気以内,馬連,3102,3102,613,19.8,83.8,72.6,0
少頭数-12,MF複勝4位以内,全馬3番人気以内,ワイド,4239,9617,3225,33.5,83.8,77.0,0
重賞級クラス5+,MF複勝3位以内,全馬3番人気以内,ワイド,1045,1587,393,24.8,83.8,72.9,0
ダート,MF複勝3位以内,全馬3番人気以内,ワイド,6267,10553,3026,28.7,83.7,81.2,0
ダート,MF複勝4位以内,全馬3番人気以内,ワイド,6859,14685,3939,26.8,83.6,80.1,0
重賞級クラス5+,MF複勝5位以内,全馬3番人気以内,ワイド,1233,2825,629,22.3,83.6,74.7,0
ダート,MF複勝3位以内,全馬3番人気以内,馬連,6267,10553,1407,13.3,83.5,78.4,0
少頭数-12,MF複勝3位以内,全馬3番人気以内,馬連,3958,6988,1129,16.2,83.4,74.0,0
長距離2100+,MF複勝3位以内,制限なし,ワイド,1591,4773,1070,22.4,83.2,74.7,0
多頭数16+,MF複勝2位以内,全馬3番人気以内,馬連,3828,3828,530,13.8,83.1,69.4,1
道悪,MF複勝2位以内,全馬3番人気以内,ワイド,1199,1199,383,31.9,83.0,58.5,0
全体,MF複勝2位以内,全馬3番人気以内,馬連,9860,9860,1575,16.0,82.9,77.7,0
長距離2100+,MF複勝5位以内,制限なし,ワイド,1591,15910,2346,14.7,82.9,76.1,0
少頭数-12,MF複勝2位以内,全馬3番人気以内,ワイド,3102,3102,1233,39.7,82.9,79.7,0
長距離2100+,MF複勝3位以内,全馬3番人気以内,馬単,1402,4884,351,7.2,82.7,75.3,0
少頭数-12,MF複勝5位以内,全馬3番人気以内,ワイド,4331,11175,3590,32.1,82.7,75.3,0
全体,MF複勝3位以内,全馬3番人気以内,馬連,12913,21899,2919,13.3,82.6,77.9,0
道悪,MF複勝2位以内,全馬3番人気以内,馬連,1199,1199,188,15.7,82.6,63.7,0
少頭数-12,MF複勝3位以内,全馬3番人気以内,ワイド,3958,6988,2450,35.1,82.6,75.8,0
少頭数-12,MF複勝4位以内,全馬3番人気以内,3連複,4239,2689,400,14.9,82.4,70.2,0
ダート,MF複勝5位以内,全馬3番人気以内,馬連,7131,17349,2000,11.5,82.3,78.2,0
多頭数16+,MF複勝3位以内,全馬3番人気以内,馬連,5143,8453,985,11.7,82.3,76.9,0
ダート,MF複勝3位以内,制限なし,ワイド,7342,22026,4468,20.3,82.2,76.3,0
多頭数16+,MF複勝3位以内,全馬3番人気以内,3連複,5143,1655,152,9.2,82.2,64.6,0
少頭数-12,MF複勝5位以内,全馬3番人気以内,馬連,4331,11175,1579,14.1,82.0,73.6,0
少頭数-12,MF複勝2位以内,制限なし,馬単,4381,8762,703,8.0,82.0,74.9,0
ダート,MF複勝2位以内,制限なし,馬連,7342,7342,914,12.4,81.9,76.2,0
少頭数-12,MF複勝4位以内,全馬3番人気以内,馬連,4239,9617,1421,14.8,81.9,73.7,0
多頭数16+,MF複勝3位以内,全馬4番人気以下,ワイド,1037,1143,48,4.2,81.9,40.8,1
多頭数16+,MF複勝5位以内,全馬3番人気以内,ワイド,5964,14062,3201,22.8,81.8,77.1,0
芝,MF複勝3位以内,全馬3番人気以内,馬連,6646,11346,1512,13.3,81.8,74.5,0
全体,MF複勝5位以内,全馬3番人気以内,ワイド,14584,35714,9294,26.0,81.8,79.0,0
道悪,MF複勝4位以内,全馬4番人気以下,馬単,817,2098,16,0.8,81.7,14.2,1
長距離2100+,MF複勝4位以内,制限なし,ワイド,1591,9546,1724,18.1,81.7,76.0,0
多頭数16+,MF複勝4位以内,全馬3番人気以内,3連複,5711,3024,242,8.0,81.6,72.9,0
全体,MF複勝2位以内,制限なし,ワイド,14972,14972,3919,26.2,81.6,75.8,0
重賞級クラス5+,MF複勝4位以内,全馬3番人気以内,馬単,1173,4674,245,5.2,81.4,76.6,0
全体,MF複勝5位以内,全馬3番人気以内,3連複,14584,10565,1030,9.7,81.4,73.3,0
全体,MF複勝4位以内,全馬3番人気以内,ワイド,14079,30353,8177,26.9,81.4,77.8,0
少頭数-12,MF複勝4位以内,制限なし,3連複,4381,17524,1100,6.3,81.4,75.9,0
全体,MF複勝3位以内,全馬3番人気以内,ワイド,12913,21899,6254,28.6,81.3,76.8,0
多頭数16+,MF複勝5位以内,全馬3番人気以内,馬連,5964,14062,1430,10.2,81.3,75.7,0
ダート,MF複勝2位以内,全馬3番人気以内,馬単,4802,9604,777,8.1,81.3,74.7,0
芝,MF複勝2位以内,全馬3番人気以内,馬連,5058,5058,799,15.8,81.3,73.5,0
重賞級クラス5+,MF複勝5位以内,全馬3番人気以内,馬単,1233,5650,283,5.0,81.3,73.7,0
全体,MF複勝2位以内,全馬3番人気以内,ワイド,9860,9860,3162,32.1,81.2,78.2,0
重賞級クラス5+,MF複勝5位以内,全馬3番人気以内,3連複,1233,796,61,7.7,81.2,67.3,0
少頭数-12,MF複勝3位以内,全馬3番人気以内,馬単,3958,13976,1131,8.1,81.1,72.0,0
長距離2100+,MF複勝5位以内,全馬3番人気以内,馬単,1556,7840,487,6.2,81.0,72.1,0
少頭数-12,MF複勝5位以内,全馬3番人気以内,3連複,4331,3422,474,13.9,81.0,69.4,0
ダート,MF複勝5位以内,制限なし,ワイド,7342,73420,9859,13.4,80.9,76.2,0
少頭数-12,MF複勝2位以内,全馬3番人気以内,馬単,3102,6204,615,9.9,80.9,71.1,0
長距離2100+,MF複勝3位以内,制限なし,馬連,1591,4773,451,9.4,80.8,72.4,0
ダート,MF複勝3位以内,全馬3番人気以内,馬単,6267,21106,1410,6.7,80.8,75.6,0
ダート,MF複勝4位以内,全馬3番人気以内,馬連,6859,14685,1762,12.0,80.8,74.9,0
多頭数16+,MF複勝2位以内,全馬3番人気以内,ワイド,3828,3828,1077,28.1,80.7,70.8,0
全体,MF複勝5位以内,全馬3番人気以内,馬連,14584,35714,4122,11.5,80.6,77.1,0
全体,MF複勝4位以内,全馬3番人気以内,3連複,14079,8137,845,10.4,80.5,75.4,0
長距離2100+,MF複勝4位以内,制限なし,3連複,1591,6364,298,4.7,80.5,61.1,2
ダート,MF複勝4位以内,制限なし,ワイド,7342,44052,7200,16.3,80.4,74.6,0
全体,MF複勝2位以内,制限なし,馬連,14972,14972,1845,12.3,80.3,76.2,0
長距離2100+,MF複勝4位以内,全馬3番人気以内,馬単,1522,6772,440,6.5,80.3,72.1,0
重賞級クラス5+,MF複勝5位以内,全馬4番人気以下,ワイド,1307,2555,99,3.9,80.3,44.8,0
多頭数16+,MF複勝4位以内,全馬3番人気以内,ワイド,5711,11759,2745,23.3,80.1,76.5,0
多頭数16+,MF複勝4位以内,全馬3番人気以内,馬連,5711,11759,1242,10.6,80.1,73.2,0
全体,MF複勝2位以内,全馬3番人気以内,馬単,9860,19720,1578,8.0,80.0,75.5,0
全体,MF複勝4位以内,全馬3番人気以内,馬連,14079,30353,3662,12.1,79.9,74.8,0
道悪,MF複勝4位以内,全馬4番人気以下,ワイド,817,1049,53,5.1,79.9,50.8,2
重賞級クラス5+,MF複勝4位以内,制限なし,3連複,1307,5228,158,3.0,79.9,38.7,2
ダート,MF複勝3位以内,制限なし,3連複,7342,7342,466,6.3,79.9,68.8,0
全体,MF複勝3位以内,全馬3番人気以内,3連複,12913,4493,514,11.4,79.9,71.9,0
全体,MF複勝3位以内,全馬3番人気以内,馬単,12913,43798,2924,6.7,79.8,74.2,0
重賞級クラス5+,MF複勝5位以内,制限なし,ワイド,1307,13070,1456,11.1,79.7,75.5,0
多頭数16+,MF複勝3位以内,全馬3番人気以内,ワイド,5143,8453,2098,24.8,79.6,77.2,0
ダート,MF複勝5位以内,全馬3番人気以内,馬単,7131,34698,2003,5.8,79.5,74.8,0
少頭数-12,MF複勝5位以内,全馬3番人気以内,馬単,4331,22350,1582,7.1,79.5,71.6,0
全体,MF複勝3位以内,制限なし,ワイド,14972,44916,9128,20.3,79.4,74.9,0
芝,MF複勝4位以内,全馬3番人気以内,ワイド,7220,15668,4238,27.0,79.4,75.6,0
芝,MF複勝5位以内,全馬3番人気以内,ワイド,7453,18365,4789,26.1,79.4,77.0,0
多頭数16+,MF複勝3位以内,全馬3番人気以内,馬単,5143,16906,986,5.8,79.3,72.8,0
多頭数16+,MF複勝2位以内,全馬3番人気以内,馬単,3828,7656,530,6.9,79.3,65.8,1
道悪,MF複勝3位以内,全馬3番人気以内,ワイド,1549,2617,709,27.1,79.3,61.6,0
少頭数-12,MF複勝4位以内,全馬3番人気以内,馬単,4239,19234,1423,7.4,79.3,71.2,0
芝,MF複勝4位以内,全馬3番人気以内,馬連,7220,15668,1900,12.1,79.2,74.7,0
多頭数16+,MF複勝3位以内,制限なし,ワイド,6180,18540,3201,17.3,79.2,71.8,0
芝,MF複勝3位以内,全馬3番人気以内,ワイド,6646,11346,3228,28.5,79.0,72.8,0
道悪,MF複勝2位以内,制限なし,ワイド,1804,1804,459,25.4,78.9,67.4,0
多頭数16+,MF複勝2位以内,制限なし,ワイド,6180,6180,1367,22.1,78.9,69.3,0
芝,MF複勝5位以内,全馬3番人気以内,馬連,7453,18365,2122,11.6,78.9,75.7,0
芝,MF複勝3位以内,全馬3番人気以内,馬単,6646,22692,1514,6.7,78.9,71.6,0
道悪,MF複勝5位以内,全馬3番人気以内,ワイド,1751,4305,1038,24.1,78.8,70.5,0
芝,MF複勝2位以内,全馬3番人気以内,馬単,5058,10116,801,7.9,78.8,71.4,0
道悪,MF複勝4位以内,全馬3番人気以内,ワイド,1691,3665,917,25.0,78.8,64.1,0
少頭数-12,MF複勝4位以内,制限なし,ワイド,4381,26286,5523,21.0,78.8,74.6,0
ダート,MF複勝3位以内,制限なし,馬連,7342,22026,1897,8.6,78.7,75.7,0
芝,MF複勝2位以内,制限なし,馬連,7630,7630,931,12.2,78.7,70.9,0
道悪,MF複勝5位以内,制限なし,ワイド,1804,18040,2324,12.9,78.7,76.2,0
道悪,MF複勝4位以内,制限なし,ワイド,1804,10824,1682,15.5,78.7,71.1,0
少頭数-12,MF複勝3位以内,制限なし,馬連,4381,13143,1454,11.1,78.7,70.1,0
芝,MF複勝2位以内,全馬3番人気以内,ワイド,5058,5058,1609,31.8,78.6,74.1,0
芝,MF複勝2位以内,制限なし,ワイド,7630,7630,1980,26.0,78.6,76.2,0
ダート,MF複勝5位以内,制限なし,3連複,7342,73420,2090,2.8,78.5,71.2,0
多頭数16+,MF複勝5位以内,全馬3番人気以内,馬単,5964,28124,1432,5.1,78.5,71.9,0
ダート,MF複勝5位以内,制限なし,馬連,7342,73420,3731,5.1,78.5,71.0,0
少頭数-12,MF複勝3位以内,制限なし,ワイド,4381,13143,3398,25.9,78.4,74.4,0
全体,MF複勝5位以内,制限なし,ワイド,14972,149720,20234,13.5,78.4,74.0,0
道悪,MF複勝4位以内,全馬4番人気以下,馬連,817,1049,16,1.5,78.4,15.2,1
多頭数16+,MF複勝5位以内,制限なし,ワイド,6180,61800,7160,11.6,78.4,71.7,0
道悪,MF複勝2位以内,全馬3番人気以内,馬単,1199,2398,188,7.8,78.3,57.4,0
道悪,MF複勝2位以内,制限なし,馬連,1804,1804,214,11.9,78.3,64.3,0
ダート,MF複勝2位以内,制限なし,馬単,7342,14684,915,6.2,78.3,72.1,0
全体,MF複勝3位以内,制限なし,馬連,14972,44916,3907,8.7,78.3,75.3,0
多頭数16+,MF複勝3位以内,制限なし,馬連,6180,18540,1377,7.4,78.2,71.6,0
多頭数16+,MF複勝2位以内,制限なし,馬連,6180,6180,638,10.3,78.2,72.2,0
重賞級クラス5+,MF複勝2位以内,制限なし,馬連,1307,1307,118,9.0,78.2,63.9,0
ダート,MF複勝4位以内,全馬3番人気以内,馬単,6859,29370,1765,6.0,78.1,70.7,0
重賞級クラス5+,MF複勝4位以内,制限なし,ワイド,1307,7842,1039,13.2,78.0,67.2,0
長距離2100+,MF複勝5位以内,制限なし,馬連,1591,15910,874,5.5,78.0,69.1,0
全体,MF複勝4位以内,制限なし,ワイド,14972,89832,14764,16.4,78.0,73.6,0
芝,MF複勝3位以内,制限なし,馬連,7630,22890,2010,8.8,77.9,71.5,0
全体,MF複勝5位以内,全馬3番人気以内,馬単,14584,71428,4129,5.8,77.9,73.8,0
ダート,MF複勝5位以内,制限なし,馬単,7342,146840,3736,2.5,77.8,70.4,0
道悪,MF複勝5位以内,全馬3番人気以内,馬連,1751,4305,458,10.6,77.8,69.7,0
道悪,MF複勝3位以内,全馬3番人気以内,馬連,1549,2617,326,12.5,77.7,51.9,0
長距離2100+,MF複勝3位以内,制限なし,馬単,1591,9546,451,4.7,77.6,68.2,0
多頭数16+,MF複勝5位以内,制限なし,馬連,6180,61800,2755,4.5,77.5,69.1,0
多頭数16+,MF複勝4位以内,全馬3番人気以内,馬単,5711,23518,1244,5.3,77.3,69.5,0
全体,MF複勝2位以内,制限なし,馬単,14972,29944,1849,6.2,77.3,73.7,0
全体,MF複勝4位以内,全馬3番人気以内,馬単,14079,60706,3668,6.0,77.2,71.1,0
多頭数16+,MF複勝4位以内,制限なし,ワイド,6180,37080,5150,13.9,77.2,69.6,0
道悪,MF複勝4位以内,全馬3番人気以内,馬連,1691,3665,411,11.2,76.9,61.2,0
少頭数-12,MF複勝5位以内,制限なし,ワイド,4381,43810,7412,16.9,76.9,72.5,0
長距離2100+,MF複勝5位以内,制限なし,馬単,1591,31820,874,2.7,76.8,66.4,0
芝,MF複勝3位以内,制限なし,ワイド,7630,22890,4660,20.4,76.7,73.4,0
重賞級クラス5+,MF複勝3位以内,制限なし,馬連,1307,3921,260,6.6,76.6,64.9,0
重賞級クラス5+,MF複勝5位以内,制限なし,馬連,1307,13070,546,4.2,76.6,70.4,0
ダート,MF複勝5位以内,全馬4番人気以下,ワイド,7342,12449,503,4.0,76.6,59.8,1
多頭数16+,MF複勝5位以内,制限なし,馬単,6180,123600,2758,2.2,76.5,68.0,0
ダート,MF複勝3位以内,制限なし,馬単,7342,44052,1901,4.3,76.5,72.7,0
少頭数-12,MF複勝3位以内,制限なし,馬単,4381,26286,1457,5.5,76.5,67.5,0
道悪,MF複勝5位以内,全馬4番人気以下,ワイド,1804,3021,139,4.6,76.5,63.4,0
少頭数-12,MF複勝3位以内,制限なし,3連複,4381,4381,411,9.4,76.4,73.3,0
重賞級クラス5+,MF複勝5位以内,制限なし,3連複,1307,13070,271,2.1,76.4,60.8,1
多頭数16+,MF複勝3位以内,制限なし,馬単,6180,37080,1379,3.7,76.4,68.2,0
芝,MF複勝5位以内,全馬3番人気以内,馬単,7453,36730,2126,5.8,76.4,72.8,0
芝,MF複勝4位以内,全馬3番人気以内,馬単,7220,31336,1903,6.1,76.3,71.5,0
芝,MF複勝2位以内,制限なし,馬単,7630,15260,934,6.1,76.3,68.6,0
重賞級クラス5+,MF複勝3位以内,制限なし,ワイド,1307,3921,609,15.5,76.2,64.4,0
少頭数-12,MF複勝4位以内,制限なし,馬連,4381,26286,2154,8.2,76.1,69.4,0
多頭数16+,MF複勝5位以内,全馬4番人気以下,ワイド,6180,11102,413,3.7,76.1,56.9,1
芝,MF複勝5位以内,制限なし,ワイド,7630,76300,10375,13.6,76.1,72.0,0
長距離2100+,MF複勝5位以内,全馬4番人気以下,ワイド,1591,2514,115,4.6,76.0,53.9,0
全体,MF複勝5位以内,制限なし,馬連,14972,149720,7638,5.1,76.0,71.3,0
ダート,MF複勝4位以内,制限なし,3連複,7342,29368,1206,4.1,76.0,61.7,0
重賞級クラス5+,MF複勝4位以内,制限なし,馬連,1307,7842,402,5.1,75.9,66.8,0
ダート,MF複勝4位以内,制限なし,馬連,7342,44052,2820,6.4,75.7,71.0,0
全体,MF複勝3位以内,制限なし,馬単,14972,89832,3915,4.4,75.7,73.1,0
芝,MF複勝5位以内,全馬3番人気以内,3連複,7453,5456,537,9.8,75.7,68.0,0
芝,MF複勝4位以内,制限なし,ワイド,7630,45780,7564,16.5,75.7,71.8,0
長距離2100+,MF複勝4位以内,制限なし,馬連,1591,9546,667,7.0,75.4,61.4,0
芝,MF複勝4位以内,全馬3番人気以内,3連複,7220,4224,448,10.6,75.4,66.6,0
少頭数-12,MF複勝3位以内,全馬3番人気以内,3連複,3958,1515,232,15.3,75.3,60.4,0
全体,MF複勝5位以内,制限なし,3連複,14972,149720,4337,2.9,75.2,68.4,0
多頭数16+,MF複勝5位以内,制限なし,3連複,6180,61800,1384,2.2,75.2,64.8,0
重賞級クラス5+,MF複勝5位以内,制限なし,馬単,1307,26140,547,2.1,75.0,67.7,0
多頭数16+,MF複勝2位以内,制限なし,馬単,6180,12360,639,5.2,75.0,68.0,0
芝,MF複勝3位以内,制限なし,馬単,7630,45780,2014,4.4,75.0,69.3,0
道悪,MF複勝5位以内,制限なし,3連複,1804,18040,480,2.7,74.9,64.5,0
全体,MF複勝3位以内,制限なし,3連複,14972,14972,949,6.3,74.8,64.2,0
道悪,MF複勝2位以内,制限なし,馬単,1804,3608,214,5.9,74.8,61.1,0
少頭数-12,MF複勝4位以内,制限なし,馬単,4381,52572,2158,4.1,74.7,68.0,0
全体,MF複勝5位以内,制限なし,馬単,14972,299440,7652,2.6,74.7,70.0,0
全体,MF複勝4位以内,制限なし,馬連,14972,89832,5812,6.5,74.7,69.7,0
ダート,MF複勝4位以内,制限なし,馬単,7342,88104,2825,3.2,74.4,69.5,0
道悪,MF複勝5位以内,全馬3番人気以内,馬単,1751,8610,458,5.3,74.3,66.4,0
重賞級クラス5+,MF複勝4位以内,制限なし,馬単,1307,15684,403,2.6,74.3,64.0,0
重賞級クラス5+,MF複勝2位以内,制限なし,馬単,1307,2614,119,4.6,73.9,57.7,0
道悪,MF複勝3位以内,全馬3番人気以内,馬単,1549,5234,326,6.2,73.7,47.1,0
少頭数-12,MF複勝5位以内,制限なし,馬連,4381,43810,2758,6.3,73.7,69.2,0
芝,MF複勝4位以内,制限なし,馬連,7630,45780,2992,6.5,73.7,68.4,0
全体,MF複勝4位以内,制限なし,3連複,14972,59888,2518,4.2,73.6,64.0,0
道悪,MF複勝5位以内,制限なし,馬連,1804,18040,876,4.9,73.5,65.4,0
道悪,MF複勝4位以内,全馬3番人気以内,馬単,1691,7330,411,5.6,73.5,57.8,0
芝,MF複勝5位以内,制限なし,馬連,7630,76300,3907,5.1,73.5,71.6,0
少頭数-12,MF複勝5位以内,制限なし,馬単,4381,87620,2764,3.2,73.2,67.1,0
道悪,MF複勝3位以内,制限なし,ワイド,1804,5412,1020,18.8,73.1,66.1,0
長距離2100+,MF複勝4位以内,制限なし,馬単,1591,19092,667,3.5,73.0,57.9,0
全体,MF複勝4位以内,制限なし,馬単,14972,179664,5823,3.2,73.0,67.9,0
重賞級クラス5+,MF複勝3位以内,制限なし,馬単,1307,7842,261,3.3,72.9,60.3,0
道悪,MF複勝3位以内,制限なし,馬連,1804,5412,432,8.0,72.8,58.6,0
少頭数-12,MF複勝5位以内,制限なし,3連複,4381,43810,1800,4.1,72.6,68.9,0
多頭数16+,MF複勝5位以内,全馬4番人気以下,馬単,6180,22204,107,0.5,72.6,41.7,2
長距離2100+,MF複勝5位以内,全馬4番人気以下,馬単,1591,5028,33,0.7,72.6,30.6,1
多頭数16+,MF複勝5位以内,全馬4番人気以下,馬連,6180,11102,107,1.0,72.6,43.3,1
道悪,MF複勝4位以内,全馬3番人気以内,3連複,1691,987,85,8.6,72.4,30.7,1
多頭数16+,MF複勝3位以内,全馬4番人気以下,馬連,1037,1143,16,1.4,72.3,10.0,2
道悪,MF複勝4位以内,制限なし,馬連,1804,10824,659,6.1,72.2,64.3,0
重賞級クラス5+,MF複勝3位以内,全馬3番人気以内,3連複,1045,271,25,9.2,72.2,53.7,1
道悪,MF複勝5位以内,制限なし,馬単,1804,36080,877,2.4,72.1,64.6,0
多頭数16+,MF複勝4位以内,制限なし,馬連,6180,37080,2045,5.5,72.1,63.1,0
芝,MF複勝5位以内,制限なし,3連複,7630,76300,2247,2.9,72.0,65.7,0
芝,MF複勝5位以内,制限なし,馬単,7630,152600,3916,2.6,71.8,68.8,0
ダート,MF複勝4位以内,全馬4番人気以下,3連複,3429,525,3,0.6,71.8,0.0,1
全体,MF複勝5位以内,全馬4番人気以下,ワイド,14972,24970,1010,4.0,71.8,59.4,0
芝,MF複勝4位以内,制限なし,馬単,7630,91560,2998,3.3,71.7,66.4,0
多頭数16+,MF複勝3位以内,全馬4番人気以下,馬単,1037,2286,16,0.7,71.6,10.1,2
道悪,MF複勝4位以内,制限なし,馬単,1804,21648,659,3.0,71.6,61.2,0
芝,MF複勝3位以内,全馬3番人気以内,3連複,6646,2350,260,11.1,71.6,58.0,0
長距離2100+,MF複勝5位以内,全馬4番人気以下,馬連,1591,2514,33,1.3,71.4,28.9,1
芝,MF複勝4位以内,制限なし,3連複,7630,30520,1312,4.3,71.3,58.8,0
全体,MF複勝3位以内,全馬4番人気以下,ワイド,2059,2257,106,4.7,71.3,41.9,1
道悪,MF複勝4位以内,制限なし,3連複,1804,7216,273,3.8,71.2,47.8,0
ダート,MF複勝5位以内,全馬4番人気以下,馬単,7342,24898,123,0.5,71.2,40.7,2
多頭数16+,MF複勝4位以内,制限なし,馬単,6180,74160,2048,2.8,70.7,61.5,0
多頭数16+,MF複勝3位以内,制限なし,3連複,6180,6180,297,4.8,70.6,52.7,0
重賞級クラス5+,MF複勝5位以内,全馬4番人気以下,馬連,1307,2555,23,0.9,70.4,35.2,1
道悪,MF複勝3位以内,制限なし,馬単,1804,10824,432,4.0,70.3,54.4,0
道悪,MF複勝5位以内,全馬3番人気以内,3連複,1751,1277,103,8.1,70.1,45.2,0
ダート,MF複勝5位以内,全馬4番人気以下,馬連,7342,12449,123,1.0,70.0,37.0,1
芝,MF複勝3位以内,制限なし,3連複,7630,7630,483,6.3,69.9,59.8,0
ダート,MF複勝4位以内,全馬4番人気以下,ワイド,3429,4437,190,4.3,69.6,48.8,1
全体,MF複勝5位以内,全馬4番人気以下,馬単,14972,49940,264,0.5,69.6,44.2,1
多頭数16+,MF複勝4位以内,制限なし,3連複,6180,24720,772,3.1,69.2,51.9,0
全体,MF複勝5位以内,全馬4番人気以下,馬連,14972,24970,264,1.1,69.1,46.0,1
芝,MF複勝5位以内,全馬4番人気以下,馬連,7630,12521,141,1.1,68.1,28.9,1
芝,MF複勝5位以内,全馬4番人気以下,馬単,7630,25042,141,0.6,67.9,29.0,1
重賞級クラス5+,MF複勝5位以内,全馬4番人気以下,馬単,1307,5110,23,0.5,67.4,35.0,1
長距離2100+,MF複勝3位以内,全馬3番人気以内,3連複,1402,520,53,10.2,67.3,29.2,0
芝,MF複勝5位以内,全馬4番人気以下,ワイド,7630,12521,507,4.0,67.0,55.6,0
道悪,MF複勝3位以内,全馬3番人気以内,3連複,1549,534,53,9.9,66.9,24.5,1
多頭数16+,MF複勝4位以内,全馬4番人気以下,ワイド,3156,4133,147,3.6,65.7,42.5,1
芝,MF複勝3位以内,全馬4番人気以下,馬単,984,2160,15,0.7,63.3,20.9,1
長距離2100+,MF複勝3位以内,制限なし,3連複,1591,1591,101,6.3,63.1,48.4,0
芝,MF複勝3位以内,全馬4番人気以下,馬連,984,1080,15,1.4,63.1,19.5,1
重賞級クラス5+,MF複勝4位以内,全馬4番人気以下,ワイド,725,1011,39,3.9,62.8,36.4,0
少頭数-12,MF複勝5位以内,全馬4番人気以下,ワイド,4381,6453,287,4.4,62.4,44.2,0
全体,MF複勝4位以内,全馬4番人気以下,ワイド,6835,8702,359,4.1,62.3,44.1,0
多頭数16+,MF複勝2位以内,全馬4番人気以下,ワイド,206,206,6,2.9,61.9,0.0,1
芝,MF複勝4位以内,全馬4番人気以下,馬単,3406,8530,50,0.6,61.1,35.8,1
芝,MF複勝4位以内,全馬4番人気以下,馬連,3406,4265,50,1.2,60.9,37.2,1
少頭数-12,MF複勝5位以内,全馬4番人気以下,馬単,4381,12906,64,0.5,60.8,22.0,0
全体,MF複勝4位以内,全馬4番人気以下,馬単,6835,17404,103,0.6,60.5,33.4,1
全体,MF複勝4位以内,全馬4番人気以下,3連複,6835,974,5,0.5,60.0,0.0,1
ダート,MF複勝4位以内,全馬4番人気以下,馬単,3429,8874,53,0.6,60.0,30.7,1
全体,MF複勝3位以内,全馬4番人気以下,馬連,2059,2257,31,1.4,59.5,24.0,0
道悪,MF複勝5位以内,全馬4番人気以下,馬連,1804,3021,34,1.1,59.5,30.1,0
道悪,MF複勝5位以内,全馬4番人気以下,馬単,1804,6042,34,0.6,59.3,27.4,0
全体,MF複勝3位以内,全馬4番人気以下,馬単,2059,4514,31,0.7,59.3,25.8,0
重賞級クラス5+,MF複勝3位以内,全馬4番人気以下,ワイド,262,300,9,3.0,58.8,0.0,1
道悪,MF複勝3位以内,全馬4番人気以下,馬単,255,558,2,0.4,58.8,0.0,1
全体,MF複勝4位以内,全馬4番人気以下,馬連,6835,8702,103,1.2,58.7,36.5,1
少頭数-12,MF複勝5位以内,全馬4番人気以下,馬連,4381,6453,64,1.0,58.6,24.5,0
重賞級クラス5+,MF複勝3位以内,制限なし,3連複,1307,1307,50,3.8,58.1,30.2,0
長距離2100+,MF複勝4位以内,全馬4番人気以下,ワイド,659,797,32,4.0,57.9,33.3,0
長距離2100+,MF複勝3位以内,全馬4番人気以下,ワイド,189,201,9,4.5,57.2,0.0,1
長距離2100+,MF複勝4位以内,全馬4番人気以下,馬連,659,797,9,1.1,57.1,21.8,1
長距離2100+,MF複勝4位以内,全馬4番人気以下,馬単,659,1594,9,0.6,56.9,22.8,2
ダート,MF複勝4位以内,全馬4番人気以下,馬連,3429,4437,53,1.2,56.6,32.9,1
ダート,MF複勝3位以内,全馬4番人気以下,馬連,1075,1177,16,1.4,56.3,27.9,0
ダート,MF複勝3位以内,全馬4番人気以下,馬単,1075,2354,16,0.7,55.7,30.1,0
道悪,MF複勝3位以内,全馬4番人気以下,馬連,255,279,2,0.7,55.4,0.0,1
少頭数-12,MF複勝4位以内,全馬4番人気以下,ワイド,1692,1982,89,4.5,55.2,32.3,0
芝,MF複勝4位以内,全馬4番人気以下,ワイド,3406,4265,169,4.0,54.7,39.7,0
少頭数-12,MF複勝4位以内,全馬4番人気以下,馬連,1692,1982,21,1.1,52.9,6.5,1
少頭数-12,MF複勝4位以内,全馬4番人気以下,馬単,1692,3964,21,0.5,52.4,7.2,1
道悪,MF複勝3位以内,制限なし,3連複,1804,1804,95,5.3,52.0,24.9,0
重賞級クラス5+,MF複勝4位以内,全馬4番人気以下,馬単,725,2022,8,0.4,51.9,0.0,1
重賞級クラス5+,MF複勝4位以内,全馬4番人気以下,馬連,725,1011,8,0.8,51.7,0.0,1
芝,MF複勝3位以内,全馬4番人気以下,ワイド,984,1080,45,4.2,51.5,22.3,0
多頭数16+,MF複勝4位以内,全馬4番人気以下,馬単,3156,8266,39,0.5,48.1,28.5,1
長距離2100+,MF複勝3位以内,全馬4番人気以下,馬連,189,201,2,1.0,48.1,0.0,1
道悪,MF複勝3位以内,全馬4番人気以下,ワイド,255,279,9,3.2,46.9,0.0,0
長距離2100+,MF複勝5位以内,全馬4番人気以下,3連複,1591,514,2,0.4,46.7,0.0,1
多頭数16+,MF複勝4位以内,全馬4番人気以下,馬連,3156,4133,39,0.9,46.6,26.3,0
芝,MF複勝4位以内,全馬4番人気以下,3連複,3406,449,2,0.4,46.3,0.0,1
少頭数-12,MF複勝3位以内,全馬4番人気以下,ワイド,423,451,18,4.0,45.7,8.2,1
芝,MF複勝2位以内,全馬4番人気以下,馬単,184,368,2,0.5,45.5,0.0,2
少頭数-12,MF複勝5位以内,全馬4番人気以下,3連複,4381,1115,4,0.4,45.1,0.0,1
長距離2100+,MF複勝3位以内,全馬4番人気以下,馬単,189,402,2,0.5,45.0,0.0,1
ダート,MF複勝5位以内,全馬4番人気以下,3連複,7342,2878,6,0.2,41.4,6.7,0
全体,MF複勝2位以内,全馬4番人気以下,馬連,360,360,3,0.8,37.7,0.0,0
全体,MF複勝2位以内,全馬4番人気以下,馬単,360,720,3,0.4,36.4,0.0,0
少頭数-12,MF複勝3位以内,全馬4番人気以下,馬連,423,451,4,0.9,35.1,0.0,0
全体,MF複勝5位以内,全馬4番人気以下,3連複,14972,5601,13,0.2,35.0,8.1,0
少頭数-12,MF複勝3位以内,全馬4番人気以下,馬単,423,902,4,0.4,34.5,0.0,0
芝,MF複勝5位以内,全馬4番人気以下,3連複,7630,2723,7,0.3,28.3,0.0,0
ダート,MF複勝2位以内,全馬4番人気以下,馬単,176,352,1,0.3,27.0,0.0,1
多頭数16+,MF複勝2位以内,全馬4番人気以下,馬連,206,206,1,0.5,25.3,0.0,1
多頭数16+,MF複勝5位以内,全馬4番人気以下,3連複,6180,2797,5,0.2,22.3,0.0,0
多頭数16+,MF複勝2位以内,全馬4番人気以下,馬単,206,412,1,0.2,22.3,0.0,1
重賞級クラス5+,MF複勝3位以内,全馬4番人気以下,馬連,262,300,1,0.3,16.8,0.0,0
重賞級クラス5+,MF複勝5位以内,全馬4番人気以下,3連複,1307,739,1,0.1,14.4,0.0,0
重賞級クラス5+,MF複勝3位以内,全馬4番人気以下,馬単,262,600,1,0.2,13.8,0.0,0
多頭数16+,MF複勝4位以内,全馬4番人気以下,3連複,3156,508,1,0.2,10.0,0.0,0
