競馬場cd,_track,_距離帯,_脚質bin,コース脚質バイアス
4,0,6.0,4.0,0.3
3,0,6.0,4.0,0.28205128205128205
3,1,8.0,2.0,0.15151515151515152
6,1,9.0,4.0,0.16279069767441862
10,1,7.0,1.0,0.4666666666666667
10,1,8.0,4.0,0.189873417721519
10,0,6.0,3.0,0.25806451612903225
10,0,6.0,4.0,0.2826086956521739
9,0,5.0,1.0,0.22807017543859648
6,1,5.0,1.0,0.2608695652173913
6,1,8.0,2.0,0.4716981132075472
6,1,8.0,3.0,0.24285714285714285
6,1,8.0,4.0,0.14814814814814814
6,1,4.0,1.0,0.20245398773006135
6,0,3.0,1.0,0.21081081081081082
6,1,7.0,2.0,0.27586206896551724
6,1,7.0,3.0,0.2785714285714286
6,1,7.0,4.0,0.3024390243902439
6,1,3.0,1.0,0.2682926829268293
6,1,4.0,2.0,0.3069544364508393
6,1,4.0,4.0,0.25379609544468545
6,0,6.0,2.0,0.24242424242424243
6,0,6.0,3.0,0.2702702702702703
6,0,6.0,4.0,0.26119402985074625
6,1,3.0,2.0,0.28365384615384615
6,1,3.0,3.0,0.2648221343873518
6,1,3.0,4.0,0.19444444444444445
6,0,4.0,1.0,0.22764227642276422
6,0,4.0,2.0,0.25280898876404495
6,1,4.0,3.0,0.35294117647058826
6,0,4.0,3.0,0.2832764505119454
6,0,4.0,4.0,0.22653061224489796
6,0,3.0,2.0,0.257847533632287
6,0,3.0,3.0,0.24483306836248012
6,0,3.0,4.0,0.2
6,1,5.0,2.0,0.2721518987341772
6,1,5.0,3.0,0.2549800796812749
6,1,5.0,4.0,0.2909930715935335
6,1,6.0,1.0,0.19148936170212766
6,1,6.0,2.0,0.23423423423423423
6,1,6.0,3.0,0.2978723404255319
6,1,6.0,4.0,0.2587601078167116
8,1,8.0,3.0,0.3333333333333333
5,0,3.0,3.0,0.24096385542168675
8,1,7.0,3.0,0.30434782608695654
8,1,7.0,4.0,0.22950819672131148
5,1,5.0,1.0,0.2777777777777778
5,0,3.0,2.0,0.3380281690140845
8,1,8.0,2.0,0.24528301886792453
8,1,8.0,4.0,0.17582417582417584
5,0,5.0,1.0,0.1388888888888889
8,0,5.0,1.0,0.3
8,1,3.0,1.0,0.24074074074074073
8,1,3.0,2.0,0.18324607329842932
8,1,3.0,3.0,0.1939799331103679
8,1,3.0,4.0,0.17966101694915254
8,0,3.0,1.0,0.29073482428115016
8,0,3.0,2.0,0.25426621160409557
8,0,3.0,3.0,0.21185185185185185
8,0,3.0,4.0,0.17289073305670816
8,1,5.0,1.0,0.2765957446808511
8,1,5.0,2.0,0.3288888888888889
8,1,5.0,3.0,0.340153452685422
8,1,5.0,4.0,0.23941068139963168
8,0,5.0,2.0,0.2978723404255319
8,0,5.0,3.0,0.2664359861591695
8,0,5.0,4.0,0.23433874709976799
8,1,6.0,1.0,0.22413793103448276
8,1,6.0,2.0,0.3416149068322981
8,1,6.0,3.0,0.31333333333333335
8,1,6.0,4.0,0.2528957528957529
8,1,4.0,2.0,0.29368421052631577
8,0,4.0,1.0,0.31942215088282505
8,0,4.0,2.0,0.3014967925873129
8,0,4.0,3.0,0.26171875
8,0,4.0,4.0,0.1892446633825944
8,1,4.0,1.0,0.3005181347150259
8,1,4.0,3.0,0.28168044077134985
8,1,4.0,4.0,0.20918367346938777
4,1,3.0,1.0,0.2647058823529412
5,0,3.0,4.0,0.2097902097902098
5,1,5.0,2.0,0.2785714285714286
5,1,5.0,3.0,0.352
5,1,5.0,4.0,0.30446927374301674
9,1,7.0,2.0,0.39473684210526316
9,1,7.0,3.0,0.3473684210526316
9,1,7.0,4.0,0.2923076923076923
9,0,5.0,2.0,0.20809248554913296
9,0,5.0,3.0,0.2608695652173913
9,0,5.0,4.0,0.2604166666666667
9,1,3.0,1.0,0.30666666666666664
9,1,3.0,2.0,0.225
5,1,6.0,2.0,0.20909090909090908
9,1,5.0,1.0,0.3380281690140845
9,1,5.0,3.0,0.3055555555555556
9,1,3.0,3.0,0.21680216802168023
9,1,3.0,4.0,0.23076923076923078
9,0,3.0,1.0,0.30184331797235026
5,1,6.0,3.0,0.3383084577114428
5,1,6.0,4.0,0.28895184135977336
5,1,4.0,1.0,0.3045267489711934
5,0,5.0,2.0,0.2753623188405797
5,0,5.0,3.0,0.3007518796992481
5,0,5.0,4.0,0.24102564102564103
9,1,8.0,2.0,0.4166666666666667
9,1,8.0,3.0,0.3017241379310345
9,1,8.0,4.0,0.1746031746031746
9,0,3.0,2.0,0.2939841089670829
9,0,3.0,3.0,0.21975992613111728
9,0,3.0,4.0,0.15488215488215487
9,1,6.0,1.0,0.24050632911392406
9,1,6.0,2.0,0.2610619469026549
2,0,6.0,4.0,0.4166666666666667
5,1,8.0,2.0,0.24705882352941178
5,1,8.0,3.0,0.37142857142857144
5,1,8.0,4.0,0.2254335260115607
5,0,4.0,1.0,0.2857142857142857
5,0,4.0,4.0,0.22845087402049427
5,0,4.0,2.0,0.3001345895020188
5,1,4.0,2.0,0.3098995695839311
5,1,4.0,3.0,0.29646017699115046
5,1,4.0,4.0,0.2792022792022792
5,0,4.0,3.0,0.28125
9,1,6.0,3.0,0.29555555555555557
9,1,6.0,4.0,0.2855072463768116
9,0,4.0,1.0,0.2632821723730815
9,1,5.0,2.0,0.32075471698113206
9,1,5.0,4.0,0.2391304347826087
9,1,4.0,1.0,0.23828920570264767
9,1,4.0,2.0,0.28837209302325584
9,1,4.0,3.0,0.2687846696923853
9,1,4.0,4.0,0.21431492842535788
9,0,4.0,2.0,0.3057235923685435
9,0,4.0,3.0,0.261977886977887
9,0,4.0,4.0,0.19653742989514753
3,1,5.0,1.0,0.1625
2,0,2.0,2.0,0.4027777777777778
2,1,5.0,1.0,0.23333333333333334
2,1,4.0,2.0,0.21428571428571427
2,1,5.0,3.0,0.29285714285714287
3,1,7.0,3.0,0.3470319634703196
2,1,6.0,3.0,0.2549019607843137
2,1,4.0,1.0,0.391304347826087
2,1,4.0,3.0,0.23529411764705882
2,1,4.0,4.0,0.19047619047619047
3,1,6.0,2.0,0.2222222222222222
2,0,2.0,1.0,0.4492753623188406
2,0,2.0,4.0,0.1732283464566929
2,1,5.0,2.0,0.17073170731707318
2,1,5.0,4.0,0.2747747747747748
2,0,2.0,3.0,0.27741935483870966
2,1,3.0,1.0,0.2781954887218045
2,1,3.0,2.0,0.32335329341317365
2,1,6.0,4.0,0.345679012345679
2,0,4.0,1.0,0.40869565217391307
2,0,4.0,2.0,0.27898550724637683
2,0,4.0,3.0,0.2807017543859649
2,0,4.0,4.0,0.25448028673835127
2,1,3.0,3.0,0.2557077625570776
2,1,3.0,4.0,0.188
3,0,4.0,1.0,0.3390804597701149
3,1,8.0,3.0,0.35
3,1,8.0,4.0,0.2653061224489796
10,1,6.0,2.0,0.21621621621621623
10,1,6.0,3.0,0.26704545454545453
10,1,6.0,4.0,0.26991150442477874
3,1,7.0,2.0,0.34513274336283184
3,1,7.0,4.0,0.2627986348122867
3,1,3.0,2.0,0.2889447236180904
3,1,6.0,3.0,0.30708661417322836
3,1,6.0,4.0,0.20833333333333334
3,0,4.0,3.0,0.24579124579124578
3,1,4.0,1.0,0.23076923076923078
3,1,4.0,2.0,0.2513089005235602
10,1,8.0,2.0,0.3076923076923077
10,1,8.0,3.0,0.35526315789473684
3,0,3.0,4.0,0.208955223880597
3,1,5.0,3.0,0.26359832635983266
3,1,4.0,4.0,0.23214285714285715
3,1,4.0,3.0,0.2677966101694915
3,1,3.0,1.0,0.30952380952380953
3,1,3.0,3.0,0.2613861386138614
3,1,3.0,4.0,0.20442930153321975
3,1,5.0,2.0,0.2792207792207792
3,1,5.0,4.0,0.24926686217008798
3,0,3.0,1.0,0.38666666666666666
3,0,3.0,2.0,0.275974025974026
3,0,3.0,3.0,0.24863387978142076
3,0,4.0,2.0,0.3368421052631579
3,0,4.0,4.0,0.19784656796769853
10,1,7.0,2.0,0.31386861313868614
10,1,7.0,3.0,0.36013986013986016
10,1,7.0,4.0,0.2755905511811024
10,1,3.0,1.0,0.2878787878787879
10,1,3.0,2.0,0.2558139534883721
10,1,3.0,3.0,0.20766283524904214
10,1,3.0,4.0,0.16170212765957448
10,0,2.0,1.0,0.3732876712328767
10,0,2.0,2.0,0.2878464818763326
10,0,2.0,3.0,0.22088353413654618
10,0,2.0,4.0,0.18807339449541285
10,0,4.0,1.0,0.27455919395465994
10,0,4.0,2.0,0.2940613026819923
10,0,4.0,3.0,0.22515212981744423
10,0,4.0,4.0,0.1833648393194707
10,1,5.0,1.0,0.256
10,1,5.0,2.0,0.25348189415041783
10,1,5.0,3.0,0.2604166666666667
10,1,5.0,4.0,0.23598130841121495
10,1,4.0,1.0,0.28205128205128205
10,1,4.0,2.0,0.2793427230046948
10,1,4.0,3.0,0.2907303370786517
10,1,4.0,4.0,0.22057142857142858
4,1,3.0,2.0,0.24183006535947713
4,1,3.0,3.0,0.21505376344086022
4,1,3.0,4.0,0.20675105485232068
4,1,8.0,2.0,0.23529411764705882
4,1,8.0,3.0,0.275
4,1,8.0,4.0,0.24285714285714285
4,1,2.0,3.0,0.236
1,1,5.0,1.0,0.2545454545454545
4,0,3.0,1.0,0.37962962962962965
4,0,3.0,3.0,0.2543171114599686
7,1,8.0,2.0,0.2875
7,1,3.0,1.0,0.2934131736526946
7,1,3.0,2.0,0.3
7,1,3.0,3.0,0.1966824644549763
7,1,3.0,4.0,0.1652892561983471
1,0,6.0,4.0,0.2727272727272727
4,0,4.0,1.0,0.36548223350253806
4,0,3.0,2.0,0.32437275985663083
7,1,8.0,3.0,0.3333333333333333
7,1,8.0,4.0,0.265625
1,1,3.0,1.0,0.3118279569892473
1,1,3.0,4.0,0.19362186788154898
4,1,4.0,1.0,0.24423963133640553
4,1,5.0,1.0,0.2916666666666667
4,1,5.0,2.0,0.31724137931034485
7,1,6.0,1.0,0.18
7,1,6.0,2.0,0.3132530120481928
7,1,5.0,1.0,0.3404255319148936
1,0,4.0,1.0,0.13580246913580246
1,1,5.0,2.0,0.23699421965317918
1,1,5.0,3.0,0.2318840579710145
1,1,5.0,4.0,0.22811059907834103
1,0,2.0,1.0,0.3924050632911392
1,0,2.0,2.0,0.34782608695652173
1,0,2.0,3.0,0.25
1,0,2.0,4.0,0.255
1,0,4.0,2.0,0.271356783919598
1,0,4.0,3.0,0.28827361563517917
1,0,4.0,4.0,0.23858447488584475
1,1,3.0,2.0,0.3037974683544304
1,1,3.0,3.0,0.24863387978142076
1,1,4.0,1.0,0.2549019607843137
1,1,4.0,2.0,0.3235294117647059
1,1,4.0,3.0,0.2773892773892774
1,1,4.0,4.0,0.23773584905660378
1,1,6.0,2.0,0.26229508196721313
1,1,6.0,3.0,0.25196850393700787
1,1,6.0,4.0,0.296875
4,1,7.0,1.0,0.3958333333333333
4,1,7.0,2.0,0.25766871165644173
4,1,7.0,3.0,0.3392857142857143
4,1,7.0,4.0,0.2510729613733906
4,1,4.0,3.0,0.27004716981132076
4,0,4.0,2.0,0.3364485981308411
4,0,4.0,3.0,0.2848180677540778
4,1,6.0,2.0,0.2717391304347826
4,1,6.0,3.0,0.28823529411764703
4,1,6.0,4.0,0.25475285171102663
4,1,5.0,3.0,0.2878228782287823
4,1,5.0,4.0,0.24883720930232558
4,1,2.0,1.0,0.25
4,1,2.0,2.0,0.2017167381974249
4,1,2.0,4.0,0.16287878787878787
4,0,4.0,4.0,0.2245430809399478
4,1,4.0,2.0,0.28189300411522633
4,1,4.0,4.0,0.21648626144879268
4,0,3.0,4.0,0.19027181688125894
7,0,5.0,1.0,0.25555555555555554
7,0,5.0,2.0,0.2543859649122807
7,0,5.0,3.0,0.29411764705882354
7,0,5.0,4.0,0.23166666666666666
7,1,4.0,4.0,0.1985663082437276
7,1,6.0,3.0,0.3112391930835735
7,1,6.0,4.0,0.25101214574898784
7,0,4.0,1.0,0.30397236614853196
7,0,4.0,2.0,0.2952443857331572
7,0,4.0,3.0,0.25862068965517243
7,0,4.0,4.0,0.20547458229648063
7,1,5.0,2.0,0.2906178489702517
7,1,5.0,3.0,0.31636863823933975
7,1,5.0,4.0,0.2376237623762376
7,1,4.0,1.0,0.2601880877742947
7,1,4.0,2.0,0.27294117647058824
7,1,4.0,3.0,0.2653061224489796
7,0,3.0,1.0,0.35080645161290325
7,0,3.0,2.0,0.2767402376910017
7,0,3.0,3.0,0.22521246458923513
7,0,3.0,4.0,0.17280813214739518
