構成,券種,相手,ROI2023,ROI2024,ROI2025,通算,CI下,最低年,的中,R数,平均点数
現行軸 単勝 × 印×人気3,単勝,印×人気3,114.6,114.8,111.5,113.6,87.1,111.5,64,723,1.0
現行軸 複勝 × 印×人気3,複勝,印×人気3,88.6,70.9,77.0,79.4,68.7,70.9,182,723,1.0
現行軸 馬連 × 印×人気3,馬連,印×人気3,82.8,76.3,115.9,92.4,70.4,76.3,73,721,2.4
現行軸 馬連 × 印,馬連,印,102.8,71.3,86.5,88.0,66.6,71.3,86,723,4.0
現行軸 馬連 × 人気3,馬連,人気3,81.9,60.3,115.8,87.3,66.3,60.3,82,723,3.0
現行軸 馬連 × 人気5,馬連,人気5,72.1,56.6,74.4,68.3,53.6,56.6,90,723,4.7
現行軸 馬連 × 評価3,馬連,評価3,135.2,56.9,94.5,98.7,68.5,56.9,57,723,2.1
現行軸 馬連 × MF3,馬連,MF3,97.7,52.5,70.3,75.1,50.0,52.5,47,723,2.1
現行軸 馬単 × 印×人気3,馬単,印×人気3,128.6,118.1,153.1,134.1,95.8,118.1,41,721,2.4
現行軸 馬単 × 印,馬単,印,140.8,97.5,127.7,123.7,85.2,97.5,48,723,4.0
現行軸 馬単 × 人気3,馬単,人気3,111.6,93.4,128.0,112.0,78.7,93.4,42,723,3.0
現行軸 馬単 × 人気5,馬単,人気5,101.4,89.4,82.3,91.3,64.3,82.3,47,723,4.7
現行軸 馬単 × 評価3,馬単,評価3,204.3,104.4,113.6,144.5,89.2,104.4,31,723,2.1
現行軸 馬単 × MF3,馬単,MF3,163.3,109.0,83.5,120.3,72.8,83.5,27,723,2.1
現行軸 ワイド × 印×人気3,ワイド,印×人気3,76.7,63.8,98.3,80.5,67.2,63.8,140,721,2.4
現行軸 ワイド × 印,ワイド,印,96.5,57.0,81.2,79.7,66.6,57.0,164,723,4.0
現行軸 ワイド × 人気3,ワイド,人気3,88.8,62.3,99.8,84.9,71.5,62.3,162,723,3.0
現行軸 ワイド × 人気5,ワイド,人気5,88.6,61.5,75.7,76.3,63.9,61.5,173,723,4.7
現行軸 ワイド × 評価3,ワイド,評価3,111.9,57.3,93.9,89.9,73.1,57.3,130,723,2.1
現行軸 ワイド × MF3,ワイド,MF3,90.0,55.5,86.2,78.5,62.9,55.5,121,723,2.1
現行軸 3連複 × 印×人気3,3連複,印×人気3,55.7,41.8,94.1,65.2,43.3,41.8,38,660,2.0
現行軸 3連複 × 印,3連複,印,87.9,33.0,75.3,67.6,45.1,33.0,63,723,6.0
現行軸 3連複 × 人気3,3連複,人気3,60.6,43.7,115.2,74.5,54.2,43.7,59,723,3.0
現行軸 3連複 × 人気5,3連複,人気5,78.6,41.1,67.9,64.0,47.7,41.1,90,723,8.7
現行軸 3連複 × 評価3,3連複,評価3,133.8,25.7,58.1,78.1,28.1,25.7,19,723,1.2
現行軸 3連複 × MF3,3連複,MF3,69.1,31.7,48.3,51.0,23.5,31.7,18,723,1.2
現行軸 3連単 × 印×人気3,3連単,印×人気3,63.5,19.5,193.4,96.7,39.1,19.5,11,660,4.0
現行軸 3連単 × 印,3連単,印,90.1,56.8,194.0,116.2,56.6,56.8,22,723,12.0
現行軸 3連単 × 人気3,3連単,人気3,93.3,57.4,135.7,97.5,49.6,57.4,17,723,5.9
現行軸 3連単 × 人気5,3連単,人気5,137.5,89.1,87.5,106.3,64.6,87.5,32,723,17.4
現行軸 3連単 × 評価3,3連単,評価3,210.5,11.1,170.9,140.1,30.9,11.1,7,723,2.3
現行軸 3連単 × MF3,3連単,MF3,235.4,10.1,78.2,116.2,22.3,10.1,6,723,2.5
軸C以上 単勝 × 印×人気3,単勝,印×人気3,114.6,114.8,111.5,113.6,86.0,111.5,64,723,1.0
軸C以上 馬単 × 印×人気3,馬単,印×人気3,128.6,118.1,153.1,134.1,91.6,118.1,41,721,2.4
軸C以上 馬連 × 印×人気3,馬連,印×人気3,82.8,76.3,115.9,92.4,70.0,76.3,73,721,2.4
軸B以上 単勝 × 印×人気3,単勝,印×人気3,104.9,120.0,112.8,112.1,84.4,104.9,62,698,1.0
軸B以上 馬単 × 印×人気3,馬単,印×人気3,123.7,123.3,154.6,134.6,90.5,123.3,40,696,2.4
軸B以上 馬連 × 印×人気3,馬連,印×人気3,82.7,79.6,117.1,94.1,71.6,79.6,72,696,2.4
軸A以上 単勝 × 印×人気3,単勝,印×人気3,103.7,130.1,116.0,115.4,86.1,103.7,50,513,1.0
軸A以上 馬単 × 印×人気3,馬単,印×人気3,114.3,93.7,149.6,121.8,76.5,93.7,30,512,2.4
軸A以上 馬連 × 印×人気3,馬連,印×人気3,87.0,63.5,117.0,91.7,66.9,63.5,58,512,2.4
EV1.5/2.0 単勝,単勝,印×人気3,111.6,95.2,100.9,103.0,81.2,95.2,78,988,1.0
EV1.5/2.0 馬単,馬単,印×人気3,112.6,80.7,134.9,110.2,77.5,80.7,46,986,2.4
EV1.5/2.2 単勝,単勝,印×人気3,113.5,106.5,105.2,108.6,83.0,105.2,68,791,1.0
EV1.5/2.2 馬単,馬単,印×人気3,123.8,104.5,144.8,125.2,88.5,104.5,43,789,2.4
EV1.5/2.6 単勝,単勝,印×人気3,109.0,119.1,112.3,113.1,85.9,109.0,55,574,1.0
EV1.5/2.6 馬単,馬単,印×人気3,121.8,106.1,151.9,128.6,84.3,106.1,33,572,2.3
EV1.7/2.0 単勝,単勝,印×人気3,112.4,100.1,105.4,106.3,83.2,100.1,74,922,1.0
EV1.7/2.0 馬単,馬単,印×人気3,115.7,88.3,140.6,115.7,80.5,88.3,44,920,2.4
EV1.7/2.2 単勝,単勝,印×人気3,114.6,114.8,111.5,113.6,87.1,111.5,64,723,1.0
EV1.7/2.2 馬単,馬単,印×人気3,128.6,118.1,153.1,134.1,94.0,118.1,41,721,2.4
EV1.7/2.6 単勝,単勝,印×人気3,111.3,135.5,118.4,120.6,88.5,111.3,50,501,1.0
EV1.7/2.6 馬単,馬単,印×人気3,129.9,128.5,164.1,142.6,92.4,128.5,31,500,2.3
EV1.9/2.0 単勝,単勝,印×人気3,108.0,102.9,107.9,106.4,81.0,102.9,66,852,1.0
EV1.9/2.0 馬単,馬単,印×人気3,111.3,87.1,149.4,116.4,81.2,87.1,40,850,2.4
EV1.9/2.2 単勝,単勝,印×人気3,110.6,119.9,116.0,115.2,87.7,110.6,56,649,1.0
EV1.9/2.2 馬単,馬単,印×人気3,125.6,119.0,166.1,137.5,91.8,119.0,37,647,2.4
EV1.9/2.6 単勝,単勝,印×人気3,104.4,147.0,126.1,124.2,87.5,104.4,42,427,1.0
EV1.9/2.6 馬単,馬単,印×人気3,125.2,131.3,184.2,149.2,92.2,125.2,27,426,2.4
