馬名,horse_id
クリアミッション,2017102815
エストラード,2017104433
マッチャパフェ,2017103102
コルニリア,2017104267
ローズオブシャロン,2017101810
バーンパッション,2017104128
ユタカサン,2017109007
サイモンバトラー,2017102604
コパノラクラク,2017103755
コーラルティアラ,2017102990
ストームファルコン,2017100977
マサノゴールデン,2017104330
マインレッド,2017104050
アイアンカレン,2017102360
サンテンプル,2017104575
エヴァジョーネ,2017104724
ラブアドベンチャー,2017101818
ヴィエントアスール,2017100586
ムーンダイアローグ,2017104094
キアナポラリス,2017100770
ジャックオレンジ,2017100332
ワンチーム,2017104448
マテンロウヴァモス,2017104897
エメラルディ,2017102741
ウインオーサム,2017101435
ジニービーチ,2017104152
ベルダリーター,2017104571
サンディロン,2017102857
ツウカイヴィータ,2017102546
マリノエヴァ,2017100229
エクセルチェイサー,2017109005
シゲルミカヅキ,2017103042
ハイエストエンド,2017103619
クロッチ,2017105689
ハットルヴァン,2017104825
リンガスウォリアー,2017101015
キンブレル,2017105250
ベルウッドヨウサン,2017102776
ワンモアエフォート,2017100662
リュードマン,2017109028
アナザーチャンス,2017103321
グラスディアブロ,2017104165
トーセンスプリント,2017104370
セイプレシャス,2017101242
リュウノチョッパー,2017103007
フジコウキ,2017103370
オプティマス,2017104678
ロンゴノット,2017106602
ラブリーエンジェル,2017103117
タイセイポリシー,2017103240
ニシノレオニダス,2017102112
ケンシンコウ,2017103641
フリーフロー,2017103788
サンライズラポール,2017100358
ジャッジ,2017102704
ケイツーキナ,2017101894
エウロパ,2017103261
アジュバント,2017100315
ラキャラントシス,2017104345
スピードオブラブ,2017109076
ロジアイリッシュ,2017105289
タイキスウォード,2017103437
オメガエリタージュ,2017104706
トランペットシェル,2017104666
ボウイッシュ,2017102316
レリスタット,2017100357
ココニアル,2017105137
カミノホウオー,2017109074
リネンミッション,2017104186
デルマアメジスト,2017104841
エフティクルーク,2017105249
ワイルドブリット,2017104153
サンバーバンク,2017103339
ジャジャウマ,2017106747
ダノングロワール,2017105408
リスペクト,2017100477
ホウオウハルカス,2017104639
ブレーナード,2017105504
セイウンノワール,2017102197
インディードシチー,2017100349
トロピカルビーチ,2017101907
カガジャスティス,2017102491
エアリアルシティー,2017104251
クリノファイヤー,2017100106
フィジーマジック,2017101555
ワイルドフレーズ,2017103453
シセイタケル,2015102018
ポップアップスター,2014105774
クワトロダッシュ,2015105191
ディナミーデン,2015102857
フジノタカネ,2016104749
ハルメキ,2015100828
チャンダナ,2016103403
ラブインブルーム,2016102118
ロードシュタルク,2016101148
テキーラ,2016104341
ヤマチョウヴォイス,2016100306
ストームウォリアー,2016101477
ライクトゥシャイン,2016109014
マノアフォールズ,2016104642
ジュンノサップ,2016103534
クリーンガーベラ,2016102413
アイファーキングズ,2016100171
ヴォウジラール,2015105088
サクラアリュール,2015105868
ヴィジョンオブラヴ,2015100274
トモノコテツ,2015100367
スピンドクター,2015101631
インザバブル,2013105264
フーズサイド,2016106069
ゴールデンライオン,2016100206
アルデエンブレム,2016101176
シティーオブスター,2016104546
シンアンドケン,2015106170
ラムセスバローズ,2015110082
ネコマヒカ,2015106102
シゲルポインター,2014103710
アリスカン,2014102503
ロードグラディオ,2016101154
エテルニテ,2015101434
バーンフライ,2015100639
サザンヴィグラス,2015101191
ゴールドラグーン,2016104340
マイウェイアムール,2015102046
メイショウミライ,2015103109
ナンヨーイザヨイ,2016104491
パイルーチェ,2014100344
ハルクンノテソーロ,2014100484
ラレータ,2014105342
コウエイアンカ,2015101830
マイネルバールマン,2014105018
カタナ,2015100799
ペイシャネガノ,2016106080
ゲキリン,2014101770
ラウダシオン,2017105072
ハーモニーマゼラン,2017102838
ゼンノジャスタ,2017101367
アブソルティスモ,2017105610
シャドウブロッサム,2017100406
アルムブラスト,2017105229
ヴァルナ,2017105972
セイウンパワフル,2017103722
コスモリモーネ,2017103404
プリンスチャーム,2017110028
インビジブルレイズ,2014106335
マイネルサーパス,2016100723
レッドガラン,2015104417
ゴーフォザサミット,2015106299
アイスストーム,2015101636
サトノワルキューレ,2015101376
ダイワキャグニー,2014105589
ミライヘノツバサ,2013109072
フランツ,2015105105
ロードヴァンドール,2013102301
ドミナートゥス,2015104895
マイネルハニー,2013102938
カヴァル,2015104188
エンジニア,2013103196
ドナアトラエンテ,2016104808
ミトロジー,2016104665
マイネルミュトス,2016100746
キタサンバルカン,2016104720
カナロアガール,2016103909
レローヴ,2014105371
イサク,2016103345
スズカノロッソ,2015102127
シトラスクーラー,2013105556
コスモアイトーン,2016100682
グレンフィナン,2015104528
リーゼントシャルフ,2014105635
オールステリーナ,2015101982
アイスブラスト,2016101075
コスモミローディア,2016103386
ダイチヴィット,2017102819
トーセンリヤン,2017104373
グローサーベア,2017104766
クァンタムリープ,2017101757
ドロス,2017104760
チェリーガイア,2017103037
トーセンレビュー,2017104396
マロンジェム,2017103112
フィーバス,2017102528
パレット,2017102841
キタノタカワシ,2017105752
エバーバリュー,2017104820
キンバリープロセス,2017110125
スタニングビスタ,2017100919
ネイチャーローズ,2017102703
ヤマノマタカ,2017103008
ショウナンアクア,2017102137
セイウンカゲロウ,2017110175
スウィング,2017100071
クラウンマハロ,2017100232
ディヒター,2017101224
グラスフレイバー,2017106352
ゲンキチボン,2017100549
ソルメンシス,2017104224
ニシノゼノビア,2017102606
キラークイーン,2017104847
ユーアーマイソウル,2017104254
ドラゴンウォリアー,2017103401
ニシノストロング,2017102104
コスモコンクエスト,2017110108
キズナビーム,2017103966
アヴァニイ,2017105481
クールマキシマム,2017102611
ディンブラ,2017101799
ナーラック,2017106491
ヤマトホープシップ,2017101312
シャンボールロッソ,2017105342
ナスノフォルテ,2017109090
ヒラボクハーツ,2017105939
タマノシュシュ,2017106029
クーレクー,2017103198
キャツクレードル,2017100078
スピランセス,2017106653
ピュアハート,2017106285
ペイシャフレンチ,2017101065
アネモネテソーロ,2017102591
テイエムロング,2017101353
コラルノクターン,2017110174
トミケンレゲンダ,2017102147
ティラミス,2017104952
キタサンロッキー,2017104499
オウケンロジータ,2017106232
ムーンレース,2017100429
トーセンライブ,2017104427
プラズマテイル,2017102826
フルオブウィット,2017105085
キタサンレイワ,2017102167
シルヴァーミリオン,2017110087
オーサムパッション,2017100405
レジュノア,2017102616
ドントクライマリア,2017103140
チャンピオンフジ,2017106785
キエンセラ,2017100049
マイネルブラシウス,2017101902
ラザフォード,2017106542
ダイワミラクル,2017104948
コスモストライカー,2017110163
ドリームメッセージ,2017103025
ルカ,2017105033
ブライドグルーム,2017105136
テイエムクロホマレ,2017100009
ラストエクセル,2017104284
ベルウッドアサヒ,2017102052
ホウオウマライア,2017103281
ゼンダンスネーク,2017105718
ジツリキニコマル,2017100136
フィーユレヴーズ,2017100040
ファイナルブション,2017106632
ディムッター,2017100347
オーロアドーネ,2017102855
イルミナル,2017105296
レッドルピナス,2017104870
ブレイクザボーダー,2017102542
キタノポケット,2017100968
ラインシュプール,2017100759
ランジョウ,2017103300
エイシンジャスミン,2017105846
ゲンパチビーム,2017102303
ジュネス,2017104395
シゲルパック,2017104145
ナムラサバイバー,2017105778
シュライクス,2017103330
サクヤコノハナ,2017103316
ワイアヴィー,2017103347
キューティーカノン,2017101660
ゴールドスミス,2014102163
エグジットラック,2014101508
トランスポーター,2016103524
ニューツーリズム,2016104252
ドーバーテソーロ,2016110110
ジェイケイエース,2016100848
ロジポルカ,2016100920
ボヘミアラプソディ,2016105723
ユメノサキ,2015104412
ヤマニンバンタジオ,2014100566
フクサンダーク,2016101062
ゴールデンフィジー,2015104295
アララトテソーロ,2016101860
シャイニーロケット,2015102242
ベルゲンハーバー,2016110073
ウイニングメイビー,2016103028
フローラルパーク,2016100885
コーラルプリンセス,2014106136
ボンディマンシュ,2016104822
エピックアン,2015101257
アオイサンシャイン,2013105547
ハヤブサレジェンド,2015105584
ベイオブコトル,2016103334
ニシノジャガーズ,2015103967
クレディブル,2015105627
テキスタイルアート,2012104467
ワンダープラヤアン,2014104021
ミッキーボニータ,2015105109
サンタナブルー,2012102503
モリトシラユリ,2014102387
コールドターキー,2015101319
ヘニッヒ,2016100562
ショウナンハレルヤ,2017102192
アオイクレアトール,2017104851
セントオブゴールド,2017105092
ヴァルコス,2017105612
ルビーカサブランカ,2017105582
ウインカーネリアン,2017101429
フォースオブウィル,2017106000
ラグビーボーイ,2017104614
サトノフウジン,2017104743
マイネルソラス,2017101966
ナーリー,2017101611
タイムマシン,2017105466
コスモスタック,2017101967
ボスジラ,2016104635
サンアップルトン,2016102867
トラストケンシン,2015100831
マコトガラハッド,2013102716
ヘリファルテ,2014105945
ベイビーステップ,2014103156
グランドサッシュ,2011103702
ミスマンマミーア,2015101465
エクセレントミスズ,2013105031
ホウオウドリーム,2014102898
ミッキーバード,2015104068
エストスペリオル,2015104575
オウケンブラック,2011102899
モズアスコット,2014110031
コパノキッキング,2015110078
スマートアヴァロン,2012102856
ダノンフェイス,2013105340
ワイドファラオ,2016106260
テーオージーニアス,2015106500
ノボバカラ,2012102452
ワンダーリーデル,2013102815
ブルベアイリーデ,2016102633
カフジテイク,2012106056
ミッキーワイルド,2015105114
アードラー,2014104841
テーオーヘリオス,2012110058
ドリームキラリ,2012110043
ヨシオ,2013103671
サングラス,2011105914
エクセランフィーユ,2016104730
ダディーズマインド,2016104035
トーセングラン,2016103815
エピックスター,2015102164
ショウナンバビアナ,2016103064
エニグマバリエート,2012103962
エターナルヴィテス,2016102362
タニノホウザン,2014102775
エフティスパークル,2013105807
キングテセウス,2016104473
トリプルシックス,2017106283
ヨシオドライヴ,2017100553
ダイシンウィット,2017101562
スズカキングボス,2017106309
ニーケススマイル,2017103002
ヤサカパフィー,2017101288
ゴラッソゴール,2017102061
スイスライツ,2017106060
ローズブランシェ,2017104410
ビッグセント,2017103608
シゲルナガレボシ,2017101310
ダンブルドア,2017103368
レイニーウェイ,2017103194
ナックライオン,2017100514
クンクンクン,2017103094
ゴーイングヒーロー,2017102628
レッチェバロック,2017110137
プレシャスガール,2017110012
バルボア,2017102114
ニシノリーチキング,2017100150
ヤマタケヴォイス,2017105952
アイドルヲサガセ,2017104156
ポッシビリテ,2017102512
サーブルルミエール,2017102274
ジネン,2017106520
スズカワッペン,2017101074
ノアエリザベス,2017101862
グラスエメラルダ,2017101012
ヴォロンティエ,2017101273
ミニマムーン,2017101076
ハリスン,2017104354
ハピネスサンダー,2017100869
カフェスペランツァ,2017102676
ディーエスプルーフ,2017103489
カッチョカバロ,2017103310
サイモンルグラン,2017100682
アバグネイル,2017105114
トリトン,2017104702
セイカタチバナ,2017101516
コスモケルビン,2017101904
レベンディス,2017100160
セントガブリエル,2017106196
イッツオーライト,2017100300
アカリリチャード,2017103981
セイウンハテンコウ,2017105954
ソルレオーネ,2017101020
ユニバーサルタイム,2017102860
キタノリベラル,2017100445
ムーランアンディゴ,2017102118
カイアワセ,2017100167
テンサイドカップ,2017104977
スズカコーズマンボ,2017103473
ミツカネプリンス,2017101597
ファイヴレター,2017102043
プリンサン,2017103501
ハヤブサペコムスメ,2017103491
メイショウユリシス,2017102014
ナムラボス,2017106270
サトノポーラスター,2017104800
ペイシャチャーム,2017102966
アポロティアモ,2017100035
ハディア,2017102164
セレンディピア,2017106640
スパングルドスター,2017104787
レッドペルーシュ,2017102665
コトブキテティス,2017102406
アプローズユウ,2017100348
オウケンザパール,2017101572
ガルナッチャ,2017100794
カナワン,2017100418
ソスピタ,2017103423
デュアルネイチャー,2017105003
ユースフルラヴ,2017105050
ルレーヴドゥリリ,2017103710
パンゲア,2017105195
グロワールポン,2017102033
セルフィーバイブス,2017103842
デイジーテソーロ,2017100037
リメインオブザデイ,2017101908
エターナルボンド,2017104767
リアム,2017105386
ウシュバテソーロ,2017103843
ラインストリーム,2017100760
カランクール,2017106292
マイロングタイム,2017100182
ミスヒアリング,2017105041
ハーツシンフォニー,2017100360
ケイアイタカプナ,2017101743
ハラハラドキドキ,2017101120
コスモタイシ,2017106535
ベリンダアン,2017104568
スカッターガン,2017100212
ゴールドミッション,2017101418
エドノフェリーチェ,2017104060
アポロチーター,2016106288
タイキメサイア,2015103313
カーリングストーン,2016103224
バットオールソー,2015104514
デルマカミカゼ,2015101903
フレンドアリス,2015103663
スポーカンテソーロ,2016110048
スパーダ,2015110062
ワールドイズマイン,2016110095
ヤマニンシーベリー,2014100557
ガチコ,2014103444
バルトフォンテン,2015101054
ディアバビアナ,2015103085
ゴールドタンバリン,2015104873
ミユキメガバックス,2016104126
クリノジョヴァンナ,2015106011
ゴールドフレーム,2016105167
パイロテクニクス,2016101328
ロジギムレット,2016104679
ライトカラカゼ,2015105923
オープンザウェイ,2012101143
ヨクエロマンボ,2013104170
ドーファン,2015104805
ブルーエクセレンス,2016103323
デストロイ,2014106286
アールグランツ,2016104207
クリスエステソーロ,2015105392
ヤサカリベルテ,2016100220
サンマルライバル,2014102135
ジョイナイト,2016103101
ジェイエルノブレス,2015101744
ビッククインバイオ,2017105193
クリノプレミアム,2017103201
バトルカグヤ,2017102960
ダイワクンナナ,2017104809
シベール,2017102374
フィオリキアリ,2017101797
コミカライズ,2017104665
スウィートメリナ,2017103023
エレガンテレイナ,2017105280
ビオグラフィー,2017105421
クイックレス,2017102168
セイラブミー,2017104258
スリリングドリーム,2017101596
ハニーリン,2017106497
メイプルプレゼント,2017101253
フィドル,2017102723
サトノラディウス,2016104921
パルティアーモ,2016104660
クリノオスマン,2014102327
カーロバンビーナ,2015104293
タンタフエルサ,2015104109
レッドボヌール,2014105551
ヴァンクールシルク,2014106228
コスモジャーベ,2013104215
アランブレラ,2015104760
ヴィエナブロー,2016110034
エスティーム,2014103084
ウーリリ,2016104415
ルーカス,2015101707
ヴィッテルスバッハ,2016104475
トーセンブレス,2015104513
アントリューズ,2016104507
ボーダーオブライフ,2014105492
ドルチャーリオ,2013100640
スイープセレリタス,2016104512
トーラスジェミニ,2016106518
オールザゴー,2014105338
レノーア,2016105630
スモークフリー,2012104268
リカビトス,2014105854
エクレアスパークル,2014106120
チャンピオンルパン,2011104759
ルグランパントル,2012103634
サンチェサピーク,2014100928
セイヴァリアント,2016103657
テイエムグッドマン,2014101308
エンドーツダ,2016104929
シャドウセッション,2016104919
トーセンヴィータ,2015101125
キタサンタイドー,2015105278
イッツリット,2016110133
スパイスマジック,2015104534
オンザウェイ,2016105181
リープリングスター,2016104735
サニークラウド,2016102697
グランサム,2015104927
アポロマーキュリー,2014102543
スズカアーチスト,2015102123
ペルシャンジュエル,2017104937
セルフィー,2017106547
トリッチトラッチ,2017105828
ユールファーナ,2017105151
クロキシ,2017104080
モノポリーアイズ,2017104694
パーティネント,2017106573
ジニアテソーロ,2017100877
カンタベリーアロマ,2017104047
タイセイプルミエ,2017109044
ラッキービープラン,2017100936
ヴィエリチカ,2017106257
カスミ,2017106503
ハヤブサピアーノ,2017103987
ララスカート,2017100120
ナックローズ,2017103664
トラモント,2017105506
レオファイナリスト,2017101182
ロドルフォブレイン,2017106311
トーセンワンダー,2017104430
キークラウン,2017105792
ハイテイブルース,2017106729
マルターズデセオ,2017100048
アルコンシチー,2017100776
カラヤン,2017100557
セイリングバリュー,2017104657
サバイバルボス,2017105941
メイショウフガク,2017104085
ファナティックエロ,2017105641
ムービングブレイド,2017104588
ソリスト,2017101548
バルサミックムーン,2017104921
キャッツアイ,2017103440
ペンタグラム,2017104883
レハール,2017106727
ティケイプルメリア,2017102766
ファイティング,2017106050
ラブエスポー,2017101763
マッチザハッチ,2017100762
ジョインザフロウ,2017105218
アシャカトライミー,2017101532
ヒスイクロシェット,2017106318
ワンダーサーイター,2017102751
ドナラフィナート,2017100698
ハロータイム,2017100935
レイルチル,2017103904
オオカネヒラ,2017101663
ホウオウクリスティ,2016104941
シングシングシング,2015109077
グロリアーナ,2016104610
ウエスタンマリーヤ,2015105385
ハンドリー,2015109031
コンスタンティナ,2016101223
ゴムマリ,2015101855
クロスパール,2016104617
チビラーサン,2016105858
カッチョエペペ,2016100181
アヴォンリー,2016100924
ブーケオブジュエル,2016105033
スターリバー,2015106310
ケイツーシリング,2015100119
マーヴェラスクイン,2016105644
ガビーズメモリー,2016102855
オシリスブレイン,2017102946
ツルネ,2017106315
シネマトグラフ,2017105173
グランエクセレント,2017102920
プラットフォーマー,2017105018
シチリアフレイバー,2017106356
ネバーランド,2017102902
マイネルアルモニコ,2017101984
ハクサンフルリール,2017103054
ロッソビアンコ,2017105043
リベリアスハート,2017103304
インテリジェンス,2017105470
アエローザ,2017106610
オウケンアマゾネス,2017106207
アイシーブルー,2017100712
スカイテラス,2017101556
アクロアイト,2017105222
レヴィオーサ,2017105235
ラパンセソバージュ,2017106037
トーホウラデン,2017100593
マカレナダンス,2017102979
ロードウィリアム,2017102615
ペイシャフラッシュ,2017105742
ストロマンテ,2017110102
ストラテジーマップ,2017104783
コスモヒビキ,2017110164
デルマダイヤモンド,2017104807
ヴェルズネイ,2017104765
ミキノルミナス,2017104127
ピオニーテソーロ,2017102598
キッチンドリンカー,2017102793
モンジベロ,2017103591
ハーツイストワール,2016104887
スマイル,2016104696
ピンシェル,2016104234
アルスラーン,2015106231
レオビヨンド,2016102056
ハンターバレー,2016103202
ハギノアップロード,2016104933
インフルエンサー,2014103950
ラヴィアンレーヴ,2016104890
クリノクーニング,2015102743
フィルムフランセ,2014105654
ニシノコトダマ,2016103448
オルクリスト,2016102081
ペイシャボム,2014102395
プロトイチバンボシ,2016103402
フレッシビレ,2015105605
ウメタロウ,2015103867
シャインサンデー,2014105700
ハイアーグラウンド,2014105391
カシノブレンド,2016100297
ステラルーチェ,2012102583
デルマカシャーサ,2015104277
ラインギャラント,2015104214
フォーティプリンス,2014104195
パイロジェン,2016103341
ジュンパッション,2015104435
リリーピュアハート,2017104973
ヴォリアーモ,2017105619
サトノシャローム,2017105339
ルトロヴァイユ,2017104620
アルサトワ,2017106606
ハギノエスペラント,2017102880
クロスザルビコン,2017105117
ローレリスト,2017105394
ヴィズサクセス,2017110123
フォギーナイト,2014105514
マッスルビーチ,2016100598
ヴァイトブリック,2016104420
デターミネーション,2016104554
トワイライトタイム,2015104625
ハーグリーブス,2015103530
ビービーガウディ,2014105851
カレンガリアード,2015101518
フィールザファラオ,2015104010
マリオ,2015102215
バンブトンハート,2016101930
エネスク,2013101526
デンバーテソーロ,2016110045
セイウンクールガイ,2015100272
メガオパールカフェ,2011106544
プリモシーン,2015105036
シャドウディーヴァ,2016104791
クリノガウディー,2016103690
サトノアーサー,2014105887
クルーガー,2012104508
ヴァンドギャルド,2016105067
スウィングビート,2015110035
レイエンダ,2015105057
レッドヴェイロン,2015104714
ロワアブソリュー,2013105948
ケイアイノーテック,2015100344
ケイデンスコール,2016104414
ドーヴァー,2013100569
ゴールドサーベラス,2012103429
キャンベルジュニア,2012110077
モルフェオルフェ,2015103392
ブルスクーロ,2016104537
ココフィーユ,2016105199
スイーズドリームス,2014104831
フォッサマグナ,2016110158
カルリーノ,2016101865
ヴォイスオブジョイ,2016110058
ドウディ,2014100786
マイティーワークス,2015101483
ボールドジャパン,2011104859
スノードーナツ,2014102332
ホウオウスクラム,2015105411
スワンボート,2010101988
ナイスドゥ,2015102853
トーセンリズム,2017104386
チートコード,2017102289
トーセンマイベスト,2017104440
バルドダンサー,2017101424
ネオトゥルー,2017100067
ナックジーニアス,2017102200
マクラーレンベール,2017105278
キタノフウライジン,2017101267
ヘニービュット,2017101226
ゼクスバンデ,2017103921
タイムカプセル,2017104006
タイダルフォース,2017105398
シャイニーコースト,2017101113
ダルムシュタット,2017104818
メジャーブレイク,2017104758
タイタンブレイン,2017106342
ミヤビキング,2017103606
サクラヴァルール,2017103736
キューブリック,2017106410
ウインラディアント,2017101438
フリーファッション,2017103706
ドリームロマン,2017105944
キールカーディナル,2017105499
エンパイアブレイズ,2017100911
インビジブルナイツ,2017103564
アイノア,2017110167
サトノアレックス,2017104947
シゲルタイタン,2017100531
テンチシンメイ,2017100010
ヒロキング,2017101576
トキメキナイス,2017100985
セイユメアカリ,2017104488
エコロキングダム,2017101078
センノベステス,2017106735
ブライトオーシャン,2017103649
タイキグロワール,2017106343
ビレッジイーグル,2017101376
オンリーワンボーイ,2017102141
フェスティヴスーリ,2017104185
セイウンソルジャー,2017110150
アテンミラクル,2017106470
テーオーケインズ,2017101010
ダノンファスト,2017104819
アイスシェルフ,2017105170
ヒシタイザン,2017103793
サンダーブリッツ,2017103617
ヴィンカマヨール,2017105271
フェイバリット,2017104420
アイスナイン,2017102022
セイエスコート,2017101051
ベイサイドブルー,2017104632
タイキルークス,2017106337
コードジェニック,2017102844
ノクターンノーツ,2017103792
ネイジュ,2017104372
フィオーレカフェ,2017106093
デイトライン,2017105475
ヨンウォニ,2017100643
ブンロート,2017101997
ザンセツ,2017106584
マヤチャン,2017104296
ネイチャークイーン,2017102460
ノボユキ,2017102926
ミスファビュラス,2017103665
トレンディー,2017103704
ネネサマ,2017104831
ニシノルーチェ,2017102968
アプローズパワー,2017104526
キタノストラーダ,2017100018
バイカル,2017101987
ロッタチャンセズ,2017105063
タツオウカケンラン,2017103973
メイショウカイコウ,2017106454
アルベロベッロ,2017105220
マイネルロベルト,2017101938
クラウンフォース,2017100250
メイプルスター,2017101254
ジュウワンエース,2017102503
グレースケール,2017103848
ショウナンハリマオ,2017104525
スマイルフェイス,2017102434
ブローガンダーツ,2017103636
マラビジョーソ,2017101176
デルマヒスイ,2017104848
ヘイワノツカイ,2016103668
レディードリー,2016100030
レッドヴァール,2015104617
カンパーニャ,2016103099
ウエスタンランポ,2016105431
オフウィドゥス,2016110163
トウカイオルデン,2015102558
サクステッド,2015105035
シャンデフレーズ,2016104831
クィーンビー,2013101630
ダイイチターミナル,2014103615
パラレルキャリア,2016104363
アイアムヒメ,2015103343
フジマサディープ,2016106379
レーヌジャルダン,2014105470
ボニーソックス,2016106009
アイアムピッカピカ,2016103953
イベリスリーフ,2016104464
スマイルプリティ,2014102358
ネイビーアッシュ,2015104870
グレイスアン,2016104477
タツオウカランブ,2015103256
アンジェリーブル,2016105686
アテンフェアリー,2016101377
コウジンシックス,2016100474
スターアイランド,2016105122
マーチャンスルー,2016106005
ホウオウモントレー,2016104078
フィリーズラン,2016100505
コスモフェリーク,2015100705
プリティドール,2016100951
アポロノワキザシ,2016102778
シングフォーユー,2016105051
アストラサンタン,2015104627
エバーミランダ,2015104346
ミモザイエロー,2016106316
アップライトスピン,2016104262
アルミレーナ,2014106051
テンワールドレイナ,2015104612
ジョブックコメン,2015105352
シーオブザムーン,2016104641
アシェット,2015106344
ビックピクチャー,2016103138
クリッパー,2015104752
グラマラスライフ,2015104977
ベストアクター,2014105682
チカノワール,2014105053
トウカイオラージュ,2016101344
フレッチア,2015104699
シトラスノート,2016104434
デスティニーソング,2014104304
ペプチドバンブー,2015102991
ホープフルサイン,2016102073
ムーンチャイム,2015101633
アンリミット,2015105970
ミリッサ,2014105951
ジョーアラビカ,2014104076
ショウナンタイガ,2016104289
ウインフェニックス,2011101149
ミヤマザクラ,2017105576
マジックキャッスル,2017104804
セイウンヴィーナス,2017105893
アカノニジュウイチ,2017105449
シャンドフルール,2017101821
ホウオウピースフル,2017105426
チアチアクラシカ,2017100041
サナチャン,2017103064
アールクインダム,2017100511
ルナシオン,2017105496
アミークス,2017105536
ヤマニンプレシオサ,2017103123
メルテッドハニー,2017102178
インザムービー,2017104059
トラストロン,2015100918
フクノグリュック,2012101232
オールウェイズゼア,2014104192
ミスパイロ,2014102262
ケイアイビリジアン,2016103768
プタハ,2015101348
クリムズンフラッグ,2015106345
コスモビスティー,2015103802
ベアクアウフ,2016104157
ロジヒューズ,2015100131
カゼノドリーム,2012102542
セイウンリリシイ,2015104320
タマモジャイブ,2016106321
インバウンド,2016104561
スリーミニオン,2015103295
キョウエイオビエド,2015103431
ユウチャファスト,2017104309
ヨシノパナギア,2017102344
シャランドール,2017100372
ミネルバ,2017104993
シェーネメロディ,2017105404
アイヅオイワケ,2017101530
ラルナジェナ,2017105157
ユメミルユメコ,2017101965
バーグマン,2017102752
ザハロワ,2017104500
キタノナデシコ,2017103899
リングアップ,2017100894
ジョイ,2017105902
ララソワニエ,2017103113
ブルーミスト,2017106603
ルヴァンヴェール,2017109086
イデアイホマジョル,2017103910
スターファイター,2017101365
ダウラギリ,2017101558
グレートコート,2017101008
アルジョンブラン,2017105199
サンドストーム,2017103242
ペイシャハミング,2017102790
ソラン,2017102612
グランドストローク,2017103143
シゲルメイオウセイ,2017100072
タイニーパワー,2017103294
パシスタ,2017100191
フルートフル,2017100672
リアンフィーユ,2017102630
シャーレ,2017101539
ココラ,2017105985
パラスアテナ,2017103441
トップブランド,2017103461
ディーズギャラント,2017103472
ナーシサステソーロ,2017102593
モアナグレイス,2017100112
ウィップラッシュ,2017103510
チャームインレース,2017104686
ベルアンブル,2017104812
タッシーアレッタ,2017104074
ヨモギ,2017103193
クリノテルチャン,2017103189
シェクロエ,2017101227
マオノエピ,2017101223
アキノスマート,2017103912
レーシングマインド,2017110095
コスモオリ,2017101910
ヤギリエピファクン,2017100732
ゴールドスナイパー,2017101257
アントルドゥメール,2017104757
カッティングロック,2017100725
エドノスカッシュ,2017102288
ヨドノウイング,2017103085
ロングイ,2017102080
クックテソーロ,2017100484
シゲルガラテア,2017102138
マリノスペクトル,2017100237
ノーブレイナー,2017103161
ジュンスターリッチ,2017104663
アラーラム,2017106561
フェアリーグルーヴ,2017105308
ブランシュフルール,2017105086
クロトノーナ,2017105300
アールブリッツ,2017100159
テンカビト,2017103855
アンティシペイト,2017105000
ユイノリオン,2017101762
サトノバシリス,2017103790
コスモクウ,2017110061
ルピナスガーデン,2017102575
クラウンララファル,2017100236
クロワルース,2017105162
マイネルスタイル,2017101923
スノージュエリー,2017109075
ドナグラツィア,2017102436
ヴェスターヴァルト,2017105332
グランチェイサー,2017102088
コウソクスピード,2017104619
モーベット,2017105172
アメージングサン,2017102163
コスモカルナック,2017101693
タケルラスティ,2017103276
ロードエクスプレス,2017104163
カップッチョ,2017104266
プライモーディアル,2017110016
インザムード,2017105329
リュウノゾロ,2017104112
リトルモンスター,2016110088
ヴィーダ,2015105143
ダンスメーカー,2015104149
ペイシャキュウ,2016100359
ロブラリア,2015105434
セイカヤマノ,2016100305
プリミエラムール,2016101907
ポートロイヤル,2016105007
ローリエテソーロ,2016101999
サンマルフラッシュ,2016106546
フラベリフォーム,2015103534
ミッキーセオリー,2016104320
クロヒョウ,2016102991
チバタリアン,2016101017
エレガントエルフ,2016105459
ボールドスパルタン,2015100563
フィストバンプ,2016100106
ロードリバーサル,2016101147
ネオブレイブ,2016101055
ストロングライン,2016101841
キタサンヴィクター,2015103197
ミラクルブラッド,2015102983
メスキータ,2016101707
マックスアン,2016100855
キャプチュード,2015100419
ベルウッドカザン,2016102272
ワイルドゲーム,2013102553
サムシングジャスト,2016109023
サトノダムゼル,2016105101
ロフティフレーズ,2015103535
リープフラウミルヒ,2015100713
サマーセント,2016103346
ローズテソーロ,2016101366
リンディーホップ,2015104610
ヤマカツグレース,2014104351
エリティエール,2014105975
レオコックブルー,2015106173
イストワールファム,2014106076
ブラックスビーチ,2014105627
モアナアネラ,2016104776
ウインゼノビア,2016100926
ハイヒール,2015104910
ショーム,2015100348
イーグルバローズ,2014110109
ベストマッチョ,2013110083
ドリュウ,2015105549
サヴィ,2014102145
ラプタス,2016106263
アキトクレッセント,2012104076
ノーブルサターン,2014100629
タガノアム,2015100512
クリノケンリュウ,2014103971
トミケンキルカス,2012102179
ジャスパープリンス,2015110073
ダーリントンホール,2017110026
ビターエンダー,2017103572
フィリオアレグロ,2017105374
マイラプソディ,2017105434
ココロノトウダイ,2017105508
シングンバズーカ,2017100795
エン,2017110165
シコウ,2017103255
ニシノカツナリ,2016104053
パルマリア,2015104715
ロザムール,2016105802
サトノフォース,2016105768
ステイオンザトップ,2014106117
ソーラーフレア,2015101602
エイムアンドエンド,2015104161
ショワドゥロワ,2014105476
エメラルスター,2014103189
ナンヨーマーズ,2014100524
アンブロークン,2016104881
ディアコニア,2017105446
ハワイアンムーン,2017105622
アオイサンゴショウ,2017104461
セイレーンズベルン,2017106700
ロマンスストーリー,2017100567
タマサイ,2017103044
サツキオーゴン,2017105936
セブンシースケイプ,2017101748
ルージュキッス,2017101138
ベスティー,2017103115
ミッキーベル,2017105182
グリエクレール,2017102791
トップリーチ,2017100450
ボントンルレ,2017105127
ジョウハリ,2017105712
オルプランタン,2017103315
プロヴィデンス,2017100917
ブランクチェック,2017106589
パルディエス,2017104755
インウィクトス,2017106662
バウンティハンター,2017103493
アポロセイラン,2017100746
ニシノホライゾン,2017102588
ドンマニフィコ,2017100008
エコロアーサー,2017102412
マイネルレンカ,2014106348
チェリートリトン,2014103928
ショーヒデキラ,2016102080
モリノカワセミ,2016103729
ヴィーヴルサヴィ,2015104602
アミュリオン,2016106501
ゴルトグランツ,2016103573
ナムラブル,2016101485
スズカアポロ,2011101037
ストライクショット,2013105959
コングールテソーロ,2016105883
クロノメーター,2017105116
ノーエクスキューズ,2017105367
スリジエ,2017105351
ヒナノコバン,2017105874
ナックペガサス,2017100958
エースインザハート,2017100931
ノーブレスサンデー,2017101973
エリーストーム,2017101411
トーセンオリジン,2017104415
コスモプロケッラ,2017103949
ナショナルアンセム,2017105124
レッドサーシャ,2017106193
ブラックアモーレ,2017103459
ワーウルフ,2017101185
エンドレスレイン,2017103139
キングズフォース,2017106591
ダンレアリー,2017110020
ウインフウジン,2017101432
ショウナンマルーン,2017110037
ボヘミアンヒーロー,2017100472
キューゴーパドック,2017106635
キクノキング,2017102181
キティマグネット,2017100157
グラデュエイト,2015105958
パイオニアバローズ,2016110142
キングキャラット,2016102364
コスモクウェンチ,2014100729
クラウンクラシック,2015101240
ナイスプリンセス,2016103140
ステラストラータ,2015110021
デルマアンバリッド,2016103595
モッズストーン,2016106154
スマートグランダム,2016110054
ファーベライト,2015103892
アメリカンシード,2017110067
マイネルミンドール,2017101956
ジェラペッシュ,2017105940
カンバラ,2017106571
フローズンスタイル,2017104646
ショウナンバレリオ,2017102017
アフターバーナー,2014102200
オンザロックス,2013101965
フラワーストリーム,2015104358
モリトユウブ,2015103677
データヴァリュー,2014105261
リードザウインド,2015104378
ダイワインパルス,2012103204
ランバージャック,2014100596
コスモハヤテ,2016100696
ヤマニンリュシオル,2015100587
スコッチリール,2016104520
モズエロイコ,2016110061
ゴールドブラッド,2014100765
マスターフェンサー,2016102165
ウラノメトリア,2016104856
フォースライン,2014106256
アドラメレク,2014105356
アポロユッキー,2014100285
スズカフリオーソ,2014103291
スペリオルシチー,2014101854
アノ,2016102556
ロジティナ,2015100548
アッシェンプッテル,2016106255
ジュンスターホース,2014105796
オーパスメーカー,2016103755
スターライトブルー,2014105448
メイショウマトイ,2014103582
フクサンローズ,2014100997
メイショウテンゲン,2016102192
オセアグレイト,2016101209
レノヴァール,2015104897
タイセイトレイル,2015105008
ステイブラビッシモ,2013104277
タガノディアマンテ,2016100527
サトノティターン,2013106094
ヴァントシルム,2014102892
ウインテンダネス,2013101249
ポポカテペトル,2014106176
ロサグラウカ,2015105108
リッジマン,2013103569
アドマイヤジャスタ,2016104702
ダノンキングダム,2014105836
バレリオ,2015105076
エスタジ,2016104628
アイスフィヨルド,2015102841
リンシャンカイホウ,2015105287
シセイタイガ,2016105372
スペキュラース,2016100745
イチゴミルフィーユ,2016102103
クラヴィスオレア,2016103958
プレトリア,2015103675
ケンデスティニー,2015110076
プリマジア,2017101124
タイキラッシュ,2017106334
スイ,2017110136
グーガルドリームズ,2017110054
ヌンカプト,2017103142
ショウナンアサヤケ,2017100675
グロリアスブレイク,2017110089
ダイワリチャード,2017104740
レディトゥラン,2017100026
マイネルグッドデイ,2017101983
アースウルフ,2017104550
ミティル,2017110143
チョーズンワン,2017101802
ジュンハルト,2017102071
キクノダンカーク,2017105981
スリーブラザー,2017102332
デルマラピスラズリ,2017100808
キタノユニヴァース,2017103033
マベルロンジュ,2017100389
ツウカイエオス,2017102548
ハヤト,2017102888
マリノコジーン,2017100245
チャーミングポポ,2017105812
ブレイドラン,2017102216
ラインサラマンダー,2017103088
ヴァリアントナイト,2017100526
ラブマリリン,2017102824
サウンドトラック,2017101846
リヴィエラボーイ,2017101262
サンダーボマー,2017101691
アベックフォルス,2017102848
マイネルグランサム,2017101510
マイネルエスペルト,2017103776
キタノコドウ,2017106259
エクセルマジック,2017105714
ナンナ,2017106550
ケンシ,2017101962
ガニアン,2017105415
プモリテソーロ,2017100369
コスモレペティール,2017101911
パーディシャー,2017104690
レイコックアビー,2017105075
アイゼングラフ,2017104528
スキルショット,2017103525
リチュアルダンス,2017110024
シゲルセイウン,2017102621
アトラクトボイス,2017102818
キングフェーヴル,2017105854
プリティスラッガー,2017102154
フォーチュネイト,2017101531
オーロラフラッシュ,2017110103
レッドライデン,2017101183
エンジェルサークル,2017104824
ハローキャンディ,2017105819
グレイトホーン,2017106305
アドマイヤアリエル,2017105643
グランドホース,2017106117
スタンサンセイ,2016104697
アイヅリュウコ,2016106330
トゥービーシック,2016105328
ユイノチョッパー,2015100093
ミスマリア,2016104741
ペルソナデザイン,2016105011
シャドウアイランド,2015102595
アグリューム,2016104373
フィリアーノ,2016104818
ラレゾン,2014105363
モレッキ,2014105860
クロムウェル,2016100049
タイセイシャトル,2016103087
エールグリーツ,2015104225
グレンガリー,2015104707
アーチキング,2013110085
コーカス,2014102190
ジャストアジゴロ,2016105169
クラサーヴィツァ,2016104240
ヴァンベールシチー,2014101302
カフェファラオ,2017110151
タガノビューティー,2017101719
ヤウガウ,2017105433
ヘルシャフト,2017110052
メイショウテンスイ,2017106084
ウルトラマリン,2017103718
ダイメイコリーダ,2017100630
レーヌブランシュ,2017102509
ジェットマックス,2017110156
モリノブレイク,2017104506
ナイルリバー,2017110158
キメラヴェリテ,2017101833
アトミックフォース,2016105093
ウインガナドル,2014100534
レッドサイオン,2016104672
ダイワダグラス,2016105056
ゴータイミング,2016105026
リフトトゥヘヴン,2014105599
ハナズレジェンド,2013103324
スパイラルダイブ,2014105992
ケイティブレイブ,2013104055
サンライズノヴァ,2014106474
タイムフライヤー,2015104107
キングズガード,2011105960
モジアナフレイバー,2015105676
ノンコノユメ,2012104314
アルクトス,2015100318
ヴェンジェンス,2013103618
ミューチャリー,2016100981
ブルドッグボス,2012105931
インティ,2014104052
デルマルーヴル,2016103957
ドウドウキリシマ,2016105952
スズカゴーディー,2014101462
アスクジョーダン,2012101406
ニューモニュメント,2016105885
ティアップサンダー,2012105841
ホノカ,2014104248
アイアムハヤスギル,2016102142
クリップスプリンガ,2014100916
スーパーアキラ,2015103845
ソヨギ,2017100752
ダイユウローズ,2017104122
リンドウ,2017102620
キイエクスプロード,2017106781
スマートクレイン,2017105991
クインズモモナ,2017101007
クインズウィッシュ,2017104669
ピュアサンクス,2017105835
ペガサスターボ,2017109098
ノーブルウルフ,2017106107
シャークスコーブ,2017105664
タシロ,2017104262
マニールリッヒ,2017105341
タイキスピネル,2017106344
ドルレアン,2017105427
ハッピーミニスター,2017102545
キセキガクル,2017106051
タチ,2017102042
サンチャップリン,2017101163
シュバルツイェガー,2017102787
ファクトベース,2017105004
ソイチーノ,2017104256
ノーブルフローラ,2017101127
マイネルエピキュア,2017101913
トクシーズファー,2017102315
バルバレスコ,2017105663
レットミーアウト,2017101940
ココリミネルヴァ,2017103539
マリノソフィア,2017100251
フレッシュスタート,2017106495
キミノミラクル,2017105942
ペルージュ,2017103258
グルアーブ,2017103291
ホイッスルヴォイス,2017105160
トルニ,2017104221
ヤエノロータス,2017109012
サクラジマテソーロ,2017104292
プエンテデグロリア,2017103530
ダニューブ,2017106599
サントマリー,2017103274
トモエタカ,2017103322
セイアフェクト,2017104554
リディアンスケール,2017101238
グレイトオーサー,2017105437
トロワシャルム,2017104823
エナミルク,2017102730
スワーヴカエサル,2017104901
パセオ,2017106604
トリッタウ,2017104223
トウカイラルゴ,2017100837
ジョブックコラード,2017103224
ゴールドブション,2017101116
アストロブレイク,2017100195
トーアリュウジン,2017104545
メモワールミノル,2017104069
ケイアイピハ,2017101751
ネイチャーカレン,2017103677
デルマガーネット,2017102586
コパノビアンカ,2017101585
コーリングローリー,2017100614
フジヤマテキサス,2017103176
オーシャンビュー,2013102117
キュアン,2016104970
ロジカルガール,2016106047
ベンガラグンジョウ,2016104985
アッシュドール,2016105765
マーベラスアゲン,2016102333
ケイティマドンナ,2016105586
スプレーモゲレイロ,2013104031
ブラックマジック,2017105460
ウインキートス,2017101419
マイネルインパクト,2017101948
アビーム,2015100846
ハトホル,2015103270
ルイジアナママ,2016105227
ハウナニ,2015105041
オジョーノキセキ,2015101480
シュエットヌーベル,2014104261
レッドルチア,2014105922
スイートセント,2016104820
ツヅク,2014104265
アゴベイ,2016103306
シルヴェーヌ,2015100061
アドレ,2016106141
バレッティ,2014105506
メモリーコウ,2015103681
コズミックフォース,2015105021
ブレスジャーニー,2014106404
ダイメイフジ,2014102625
ゴライアス,2015101310
アルドーレ,2015103217
タマモカトレア,2015106050
イーグルフェザー,2013105373
アウトライアーズ,2014105825
マジカルスペル,2014106118
アップクォーク,2013106041
ボストンテソーロ,2016110049
プレゼンス,2014105251
ホウオウジャッジ,2015105450
ミフトゥーロ,2015101034
シゲルルビー,2016105676
ワシントンテソーロ,2016110044
ブラックアウト,2016100051
サウンドストリート,2014102218
ラヴアンドポップ,2013100637
ロマーシカ,2017105557
プーラン,2017104010
ショウイモン,2017100292
ペイシャティアラ,2017105735
スプリングウェイ,2017102479
ケイティディライト,2017102015
スルーザリミッツ,2017101861
デルタ,2017102086
マインヒロイン,2017103221
タマモエクラン,2017100552
ベストレイドプラン,2017102943
アイアムイチリュウ,2017101159
ラグリマスネグラス,2017103879
ジュズマル,2017103733
キリシマダイオウ,2017103760
ミストラルウインド,2017104390
アウティスタ,2017110111
メルヴェイユシチー,2017101871
トーセンゴーイング,2017104441
スマーティーアゲン,2017102785
アエレオ,2017106777
マイネルケイローン,2017101932
ナンヨーユウヤク,2017105530
ミユキリバタリアン,2017104510
ヴィクターバローズ,2017105589
コスモテキロ,2017101898
ベストユエンモン,2017103823
スイートクラス,2017105554
ヴォールヴィコント,2017100060
トゥゲザーアゲイン,2017106502
アテザムール,2017103772
ソティラス,2017103288
ゴールドハーレー,2017100476
シンキングムーン,2017101869
ベルザロイヤル,2017101115
ヴァルトグリーン,2017101466
アトムヴェローチェ,2017101559
クラップクラップ,2017104229
エイダイサンライズ,2017104542
イヴ,2017105519
ビバヴィットーリオ,2017100469
ネオストーリー,2017101525
ジャニス,2017101345
サトノグリアン,2017110104
マイネルサイプレス,2017101969
ブルーベル,2017101617
サンアンティモニー,2017106039
アンブローニュ,2017103272
フォーハンズプレイ,2017104480
ラブオーソ,2017101669
ココリミッション,2017102356
ビバーナム,2017103807
ナススイート,2017106527
フルデプスリーダー,2017102175
ラストマン,2017101348
エメラルホープ,2017106016
ショウナンマリオ,2017102892
レアリザトゥール,2017104314
リッターシュラーク,2017101323
ペレ,2016104614
ライル,2016104868
ホウオウビクトリー,2016105515
スズロザーナ,2016102719
ナミブ,2016100742
トーセンギムレット,2016103809
ミユキディオニソス,2016100501
メイショウサガノ,2016106352
イワネコゴシキ,2016102641
コマノゼニト,2016104061
ルミエールソレイユ,2016105479
リワードノルン,2016102259
セイウンデルレイ,2015102565
アースビヨンド,2015105172
オメガドーヴィル,2016104967
ジーニー,2016102137
リネンコジーン,2015103047
ペイシャリルキス,2016101560
エヌワイパフューム,2016104330
レイナブローニュ,2016100033
メイクアンシー,2016103569
コトブキハウンド,2015105285
ナムラジョニー,2016101598
ヒシイグアス,2016104877
レッドイリーゼ,2015104841
ファストライフ,2015102431
マルーンエンブレム,2015104970
スズカヴァンガード,2011101045
ターゲリート,2013105325
ラスティユース,2015100098
アーバンイェーガー,2014102562
タイセイプレシャス,2012103540
グッドラックサマー,2014104230
グランソヴァール,2016105634
オーヴォドーロ,2015104376
トウカイパシオン,2015103088
ウインマリリン,2017101431
フアナ,2017105212
スカイグルーヴ,2017105186
シャレード,2017105232
レッドルレーヴ,2017105604
ヒューマンコメディ,2017104478
エレヴァテッツァ,2017105111
テイエムフローラ,2017100029
ウィスパリンホープ,2017103666
リヴァージュ,2017104784
ブランクエンド,2016105200
ペイシャムートン,2016103584
カセノウィナー,2016100904
トークフレンドリー,2015104554
シャンボールナイト,2015109076
ジュニエーブル,2014103124
リンガスビンゴ,2015106280
ミンネザング,2014106173
ゾールシカ,2017102211
セレーネグランツ,2017105478
アーデントラブ,2017101784
スティルアリス,2017100390
ハイエストプレイズ,2017103264
ペイシャバイカ,2017102530
ブラウンアイズ,2017102130
エンリグロリア,2017102329
ブロッケンリング,2017101547
スカイティアラ,2017105671
ヤマニンゲフィオン,2017103125
ゴーゴーリマンド,2017102938
ラカルマ,2017106296
ロワマージュ,2017106568
スパークインザアイ,2017105392
アルトゥーロ,2017104257
エルサフィーロ,2017105657
ロードファビュラス,2017100206
マイネルピカソ,2017101979
ジオパークアポロ,2017105766
サノノヴィグラス,2017103416
アイアムスゴスギル,2017106360
ヴォーグロックユー,2017102771
ナイトクリーガー,2017100959
ケイアイメープル,2017103575
セイカアーナンダイ,2017100617
セイウンクルーズ,2017105955
アドマイヤグルス,2017105338
ディーエスハリアー,2017100069
リブエターナル,2017105672
シラカバ,2017105240
カレンピピ,2017100563
ヒガシヴァルキリー,2017106723
フォワードアゲン,2017102537
サフランハーモニー,2017103081
ファートゥア,2017105201
アシュモレアン,2017104741
ライトニングレイ,2017101374
カネショウイケメン,2017106465
プラチナヴルール,2017102331
ラウドアンドクリア,2017110127
ウインドジャマー,2017104570
トーヨースターオー,2017110046
ニシノアクシス,2017103573
カピテル,2017105918
コンカルノー,2017100527
カドフィール,2017103210
セブンミラクル,2017103673
ウラワザテクニック,2017100166
セイウンノア,2017102111
デルマシトリン,2017104968
ピーエムピンコ,2017105660
サクラトゥジュール,2017103751
ネバーゴーンアウト,2017102518
ミャゴラーレ,2017105971
メリディアンローグ,2017105375
イッツアワターン,2017103844
メタルスパーク,2017103299
ニルカンタテソーロ,2017102872
キョシンタンカイ,2017100554
ウインアクティーボ,2017106424
ハシレコウマ,2017104595
ラブオナヴィータ,2017102786
ラティーンセイル,2016104739
ワンダーマンボ,2016105816
ストラトフォード,2016109110
ラプターゲイル,2015102504
フクキタル,2015109150
スカイシアター,2016101157
ムーンロード,2014104537
バールドバイ,2015101660
クインズサン,2013103646
ロードプレミアム,2013102295
ロジスカーレット,2015104060
アドマイヤシナイ,2014102888
トゥーフラッシー,2016104029
ランペドゥーザ,2016102225
ダイシンインディー,2016100285
サトノグラン,2014105991
エジステンツァ,2014105365
ステイパーシスト,2013105744
デッドアヘッド,2016105213
タイキダイヤモンド,2014103486
オーソリティ,2017105649
ブルーミングスカイ,2017104906
メイショウボサツ,2017106125
サーストンカイドー,2017103467
ロールオブサンダー,2017103839
フライライクバード,2017105109
フィロロッソ,2017104652
アイアンバローズ,2017105477
ディアマンミノル,2017103174
コンドゥクシオン,2017101160
プリマヴィスタ,2017105106
アラタ,2017104756
ダノンセレスタ,2017105402
アピテソーロ,2017105028
ディアスティマ,2017105379
エアコンヴィーナ,2015102750
ポップシンガー,2014101803
クーリュ,2014102016
レヴァンテ,2015104567
アメリカンツイスト,2015104243
イノバティブ,2014103389
ナリノメジャー,2014105422
クリノレオノール,2014102329
プッシュアゲン,2013102841
レッドカルム,2017104747
サンキーウエスト,2017100275
デルマクリスタル,2017100812
ラブロッソー,2017101761
ブロウンアウェイ,2017102804
ドリームバンドーム,2017106431
プレシャススパート,2017106368
キーリア,2017103427
ナックダイヤ,2017104774
ジュンヒトカップ,2017106435
ノビアホワイト,2017103846
ハヴォナ,2017103127
ドルチェ,2017103596
エイシンバビロン,2017102501
アイアンプラン,2017102368
エールプレジール,2017103196
パースピレーション,2017105164
ケイツーコルナ,2017100928
ゴールドゴールデン,2017100626
タイセイダンク,2017106249
キッズシタイヒャー,2017103060
キングオブキャロル,2017106703
アントルヴォー,2017101652
フジサンライボー,2017102352
ダブルマーク,2017100921
ペリトモレノ,2017102992
サノノクヒオ,2017100228
ヴィーナスブレス,2017101316
メサテソーロ,2017110073
シゲルエリス,2017104591
リチェルカータ,2017106516
トマティーナ,2017103163
ローズコンパス,2017106350
キタノエイカン,2017103245
マホウショ,2017100308
パイネ,2017105571
テルヌーラ,2017105459
シラカワカツコ,2017101747
リライトザスターズ,2017103801
ロジマジェスティ,2017105372
タカンナ,2017106221
ロビンザフィリー,2017103350
サクラアスター,2017103730
クルワールデジール,2017102558
ラビングシーン,2017106660
マロンパフェ,2017103618
ウチノファイバー,2017101463
スプリングブリーズ,2017106116
アイブランコ,2017106303
ビービーグエル,2017102649
シェーンクラート,2017103331
シャドウワルツ,2017104891
ボンヌシャンス,2017104202
ジャストザキラキラ,2017102629
キングバーグ,2017109095
ニシノハヤシゲル,2017103721
ニュートンテソーロ,2017110076
キタノヴィジョン,2017102011
ルナエクリプス,2017105001
エバンタイユドール,2017100327
ワセダウォリアー,2017105397
シンクロゲイザー,2017105978
クロカドッグ,2017100918
プントファイヤー,2017104612
アーザムブルー,2014105853
ジーナスイート,2015104890
サトノマックス,2014106196
シャワークライム,2016105247
ギャンブラー,2015104198
ミヤケ,2016106169
ショウナンアオゾラ,2016100881
カレン,2014105017
ジャッキー,2014103268
リリカルドリーム,2015103524
ドルフィンマーク,2013103395
ラバストーン,2016101770
キタノユウキ,2015102003
シーオブセレニティ,2015101624
ヤンチャプリヒメ,2016102368
マイネルナイペス,2016100762
マジェスティゲート,2016103906
ジェイエルフラッグ,2016103409
スフィーダグリーン,2014100542
サルウェーテ,2016106077
サンシロウ,2014103367
ルックスマート,2015106499
シュブリーム,2016102550
チャロネグロ,2014105756
オクラホマ,2014106104
ミュージアムヒル,2015105106
ビリーバー,2015103875
レッドイグニス,2013105722
レジーナドーロ,2015104157
ネリッサ,2016102312
ダノンジャスティス,2016104855
ウィンドライジズ,2014100159
ナンヨーアミーコ,2013105594
デゼル,2017104637
スマートリアン,2017106387
クリスティ,2017102822
メタモルフォーゼ,2017102510
ホウオウエミーズ,2017104691
ルヴェルソー,2017104970
アポロヴィクトリア,2017102566
オータムレッド,2017105429
ライクアジュエリー,2017104994
バルトリ,2017106612
オーマイダーリン,2017104963
キングスタイル,2017104103
ミアマンテ,2017105572
チェスナットドレス,2017106198
サトノディード,2015104321
トレイントレイン,2016104023
グレンマクナス,2014105748
ララロワ,2015105928
ファイトアローン,2015104471
リーヴル,2016104378
ニシノアメイズ,2016103481
カフェアトラス,2015102644
オウケンスターダム,2014103377
アルマスティング,2016102450
ヨシヒコ,2014106148
ディスカバー,2014105545
ジェロボーム,2017104317
ルミナスナイト,2017103334
キク,2017100862
フクノソミュール,2017100283
ヒューマニズム,2017106574
ガラパーティー,2017104197
ヒラボクアリー,2017104751
ヤマヒビキ,2017105736
インプルソ,2017104177
メシアン,2017103454
スズカアイドル,2017101067
ワールドウィスラー,2017103529
クラウンパイオニア,2017100235
ライフレッスンズ,2017105058
ネオデレヤ,2017105730
サクセスリバース,2017101168
グシチャンノカゼ,2017102089
リョウランハート,2017101568
ジンフラッシュ,2017102858
ディーカラーズ,2017101428
スペラメント,2017104133
ベスティア,2017106587
インディゴジェイ,2017103107
グッドリドゥンス,2017102758
エルメーム,2017100108
デクスター,2017101537
マジカルマジカル,2017110177
アルファジップ,2017110169
ラッキーボーイ,2017101034
デイオブサンダー,2017110021
ゴールデンエポック,2017106575
アルピニズム,2017104862
ゼンダンロマン,2017109072
デルマベリル,2017100807
ヤマニンパジャッソ,2017103122
トキメキ,2017104270
スピッツェンバーグ,2017105644
ヴィーヴァメジロ,2017105785
アイルショウユー,2017105825
ツキサエル,2017100891
オメガレイスター,2017101612
バッハスピリッツ,2017105674
ハスキージュリー,2017106770
プチジュラシック,2017105484
クラップユアハンズ,2017103308
キタノオクトパス,2017104175
ルコントブルー,2017105108
キョウエイゴー,2017102030
ウインレゼルヴ,2017105706
アコルドエール,2017105135
レッドクーゲル,2016103041
ゾロ,2016102615
ロゼフェニックス,2015100157
グルファクシー,2016104387
ウインリベルタ,2016100255
ロビンズソング,2015104876
ライバーバード,2014110098
リリーバレロ,2015104702
キタイ,2016101917
ランドルーラー,2016110023
ディロス,2015105056
ダノンハイパワー,2014102033
トモジャファイブ,2016101035
ネームユアポイズン,2014106214
レイデマー,2015103013
ルマーカーブル,2016103017
レッドフレイ,2015104641
シベリウス,2013104137
ウラヌスチャーム,2015104671
カウディーリョ,2016104549
アイスバブル,2015104689
サトノクロニクル,2014106038
アドマイヤアルバ,2015104713
レッドローゼス,2014101558
アフリカンゴールド,2015101654
レイホーロマンス,2013103582
ポタジェ,2017105376
ディアセオリー,2017104232
アリストテレス,2017105525
スマートクラージュ,2017100091
スレプトン,2017105038
メイショウサンガ,2017106366
アメリカンフェイス,2017110066
ホッコーライデン,2014101808
ポートナイトサイト,2015103384
シャインカメリア,2015101152
ジャパンスウェプト,2016105132
オレノマニラ,2015105136
マリノエクスプレス,2015101243
クリノキング,2014100120
ゴールデンチョイス,2016101473
ステイホット,2016105071
スマートマルシェ,2016102242
ドライブラン,2017103930
スローフード,2017100940
サイモンベラーノ,2017102918
ピュティ,2017105673
レジーナクィーン,2017106638
スーリエドヴェール,2017101598
トーレスデルパイネ,2017103186
マープル,2017104731
セキトバ,2017103162
ノボパニコ,2017100333
ラブカワールド,2017104350
スキャルドメール,2017106286
ヴァリアントジョイ,2017109024
シャイニングブルー,2017104958
コンチサエッタ,2017109062
フクサングレート,2017102282
ペイシャオータム,2017101338
フライングターン,2017104866
ホークケプカ,2017103235
ケイティミラクル,2017102046
フジマサヒーロー,2017104982
マイネルエルガー,2017101912
アースブレイブ,2017106236
エキスパート,2017105722
ウインエアフォルク,2017101436
ヤシャマル,2017101201
サトノレグルス,2017105322
マイネルチェスト,2017101935
モーソンピーク,2017105588
ヌンシーズ,2017104242
ニシノコルレオーネ,2017102121
トレベーラ,2017103279
シャドウパイレーツ,2017106068
シングンジュリア,2017100791
ブランニューウェイ,2017103273
フランジヴェント,2017105594
スズノヤマト,2017104234
ブライティアランド,2017101212
テリオスヒメ,2017109019
ジョガールボニート,2016103647
アイムソーグレイト,2016101710
ファインダッシュ,2012100085
ダブルスプリット,2014102618
エルピド,2016102722
タマモキャペリン,2016100216
ロンリーウェイ,2016100422
セイクリッドサン,2016100327
レッツゴーゲレイロ,2015100116
リバーシブルレーン,2016104982
グロリアスホープ,2016102055
ロードリッチ,2016104444
ココロノイコロ,2015105858
ビービーデフィ,2015102217
デルマエトワール,2016105137
ゴー,2016101305
フレンドカグラ,2014103643
ルヴォルグ,2016105367
デュアライズ,2016105013
マイネルズイーガー,2014100726
ツクバソヴァール,2016104149
フラテルニテ,2016103895
ゴールドギア,2015103452
ヒシゲッコウ,2016104656
ノチェブランカ,2015104913
シークレットラン,2016104451
ブラックプラチナム,2013105858
マイネルカレッツァ,2012101430
ネイビーブルー,2013104852
ワセダインブルー,2015104408
マイネルキラメキ,2015100747
エルデュクラージュ,2014105850
メイプルブラザー,2014101318
サトノプライム,2014105063
プリンシアコメータ,2013101969
コマビショウ,2015106156
クロスケ,2015100106
ジョーダンキング,2013104818
メイショウエイコウ,2014103266
ホーリーブレイズ,2014104332
フェニックスマーク,2014101180
ルールソヴァール,2012103624
アングライフェン,2012100627
ジェシー,2015104830
ナムラアラシ,2013100057
レシステンシア,2017105563
ギルデッドミラー,2017105409
タイセイビジョン,2017105406
ルフトシュトローム,2017105469
シャインガーネット,2017105541
ウイングレイテスト,2017101423
ラインベック,2017105194
ボンオムトゥック,2017105281
ソウルトレイン,2017104068
メイショウチタン,2017104172
ストーンリッジ,2017105298
サトノインプレッサ,2017104753
サクセッション,2017105181
プリンスリターン,2017100661
シャチ,2017102037
ニシノストーム,2017102105
パイロキネシスト,2012102848
ダイワドノヴァン,2014105439
キャベンディッシュ,2015101512
シンコーマーチャン,2014104753
エクメディノツルギ,2017109160
テイエムビーナス,2017106035
カラーズオブラヴ,2017102525
ニットウムギ,2017106298
クイーンオラトリオ,2017104476
オーラソラーレ,2017104710
ニシノカテリーナ,2017102435
ホウオウエンジェル,2017103309
ミサトアンバー,2017103444
テオファーニア,2017100395
アイルビーメジャー,2017101420
ホウオウベルタ,2017100684
ジュフォン,2017110140
サンコディー,2017104541
ロッソビアンコネロ,2017104645
オーケーゴールド,2017103158
デルマシルバー,2017100815
シゲルカンムリザ,2017101701
ナオラブリイ,2017104533
マッチアドゥー,2017102600
サンドクルーズ,2017103424
シゲルカロン,2017100533
テントップギヤ,2017102803
ガッサンウルフ,2017103623
ハヤブサジーニー,2017106506
コースタルチャート,2017104779
ホッコージュンレイ,2017102932
コモ,2017101626
チスジ,2017106738
ミッキーパンチ,2017105621
スプリッツァー,2017102100
サンシャインキッド,2017102705
シゲルカイオウセイ,2017104239
スパークルアゲン,2017102265
ニーズヘッグ,2017104507
ニシノミンクス,2017102110
サノハニー,2017100861
ヒートライトニング,2017100050
レッドヴェイパー,2017105632
サツキマス,2017101162
テリオスベル,2017103942
アルマセグレート,2017105359
ニシノステラ,2017104359
コスモシークレット,2017101918
ディーバダンス,2017104454
トップギア,2015103277
フェアザスピリッツ,2016101444
スズカユース,2016105718
ラヴタクティクス,2014102640
セイドアモール,2016102323
ピースワンパラディ,2016103250
アドマイヤスコール,2016104225
アガラス,2016104681
キングリッド,2014105250
フォルコメン,2016104926
スーパーブレイク,2014101029
ワールドヘリテージ,2015105852
ダノンスマッシュ,2015102377
ステルヴィオ,2015105064
グルーヴィット,2016104787
ラヴィングアンサー,2014103751
セイウンコウセイ,2013104230
ストーミーシー,2013103817
タワーオブロンドン,2015101621
エントシャイデン,2015100635
ショウナンライズ,2013100332
レッドアンシェル,2014105982
ライラックカラー,2015105974
ソルドラード,2016104874
レコンキスタ,2014102002
ケイツーリラ,2015100130
ケイアイロトルア,2017104171
ラファエル,2017106609
ツキマデトドケ,2017106499
ゼノン,2017102515
ハバチューバー,2017100463
マリクシ,2017102299
スノーレイズ,2017103450
ラズベリードリーム,2017106233
ブレージングサドル,2017105020
グリーンスナップ,2017102233
エンゼルバイオ,2017100659
フクノフェザン,2017102727
トラストダーコ,2017100730
マラジェッツ,2017100324
アポロダーウィン,2017101491
キヨセ,2017102307
ルミナリアス,2017105926
サトノファビュラス,2017100367
クリムゾンオーラ,2017100126
ラインキャンドル,2017104726
ビーポーレン,2017104252
パイオニアエース,2017102690
ペイシャスワン,2017101145
フレンドピース,2017103883
チンクエテッレ,2017101875
ファーマプリン,2017100581
コスモインペリウム,2017105703
コスモギンガ,2017100627
コロンドール,2017105253
フォアシュピール,2017105579
プリンシアルーチェ,2016100317
アポロアミ,2015101491
カズミドリーム,2015106502
フランシス,2016102996
ラタンドレス,2013103963
トロシュナ,2016104526
アイワナビリーヴ,2016104894
マサノアッレーグラ,2015101716
ドクターデューン,2015100043
キングドンドルマ,2015101929
スズレジーム,2014100059
リーディングエッジ,2015101682
ヴィンチェロ,2016100945
ガイセン,2016101053
サトノコメット,2015105077
アオイシンゴ,2014105531
メッシーナ,2016104768
ゲバラ,2016106395
カワキタピリカ,2013102271
エブリバディ,2015106065
ガロシェ,2016104352
コンダクトレス,2015104952
ダノンポピー,2015105013
ハナザカリ,2015105501
メイオール,2016109007
デュードヴァン,2017100378
ショウナンナデシコ,2017100024
フォーテ,2017105246
シェダル,2017105555
アウトウッズ,2017105533
イモータルスモーク,2017110088
ヘイセイメジャー,2017101109
アフィラトゥーラ,2017102543
コパシーナ,2017103482
ペールエール,2017105196
アーモンドアイ,2015104961
サウンドキアラ,2015104322
ノームコア,2015104765
トロワゼトワル,2015104387
ダノンファンタジー,2016104867
シゲルピンクダイヤ,2016102775
ラヴズオンリーユー,2016104648
ビーチサンバ,2016104829
アルーシャ,2015104796
サトノガーネット,2015104126
コントラチェック,2016104880
スカーレットカラー,2015100600
メジェールスー,2015106187
ディメンシオン,2014106280
セラピア,2016105276
デピュティプライム,2013105495
ローレルジャック,2013101259
マンカストラップ,2014103607
プレシャスエース,2013103993
サンノゼテソーロ,2016110148
リモンディ,2014110070
ケイティクレバー,2015104582
セイウンフォーカス,2015100852
ノーザンクリス,2015104066
スプリングボックス,2014102254
シゲルピーマン,2015105550
ホシルミエール,2013104030
エムアイグランツ,2016103641
コウキチョウサン,2013101162
ワンスインアライフ,2013103777
ニーマルサンデー,2014104957
バイオンディップス,2012104466
サンデープリンセス,2017106429
クツワノオジョウ,2017103943
ユニークマイア,2017105266
ヨネンサンクミ,2017109068
ムーニーヴァレー,2017103325
ペイシャバレー,2017105755
エリーザベト,2017109162
パイプライン,2017101041
シゲルハウメア,2017104326
リングアベル,2017101795
キョウエイパラスト,2017105750
スエーニョルシード,2017105552
チャーミングアクト,2017105070
パベーダ,2017102151
アラマーチャン,2017102425
タマモビックホーム,2017103361
レクレール,2017106512
オルテール,2017110128
パンダノポケット,2017104182
ラゴンダカフェ,2017106082
チャムランテソーロ,2017100402
グランバル,2017104349
ディープブルーム,2017100941
ウメノハナ,2017104041
シバノレイワ,2017101610
トーセンコパン,2017104377
サンシエ,2017101953
シカゴテソーロ,2017110075
レッドベロム,2017104984
ウインアグライア,2018101617
ブエナベントゥーラ,2018105232
サンハーリンゲン,2018100302
トーセンアレックス,2018105673
セイウンブリスク,2018102723
キュムロンニンバス,2018106597
ショベルヘッド,2018110085
リッチアロマ,2018104415
トゥーフェイス,2018104788
バルネージュ,2018103832
ブルーノジュネス,2017104442
ピースボヌール,2017103825
エリモグリッター,2017104744
スウェアー,2017104903
ジョイボヌール,2017100079
カナライズ,2017102832
ブライトンビーチ,2017103840
ヤマタケピースフル,2017103963
イントゥザスカイ,2017103693
ヴァンダーファルケ,2017101704
オールドパル,2017105032
チェスナットロール,2017103430
ヴァンデリオン,2017110173
ロークアルルージュ,2016104243
ヤマタケクララ,2017102645
ファンファン,2017100560
ダノンラスター,2016105206
ロイヤルディクリー,2015101679
マイティウェイ,2016101490
ガトン,2016102020
サンライズアキレス,2016103767
マイネルコロンブス,2017101915
ヒラボククイーン,2017106225
エコロタイガー,2017106441
インペリアルフィズ,2014105709
