角度,構成,券種,点数,的中,回収率,最悪年,最良年,年数
1.レース選択,堅い（エントロピー下位25%) × MF1位以内,複勝,4371,3283,89.2,87.3,90.4,0
3.突出度,1位が2位の2.0倍以上 × 人気6,複勝,2463,1729,88.3,87.2,89.8,0
3.突出度,1位が2位の2.0倍以上 × 人気3,複勝,2398,1702,88.1,86.8,89.4,0
3.突出度,1位が2位の2.0倍以上 × 人気不問,複勝,2474,1731,88.2,86.6,89.8,0
2.条件の掛合せ,重賞級×長距離2100+ × MF1位以内,複勝,318,186,91.0,85.6,94.8,0
3.突出度,1位が2位の2.0倍以上 × 人気6,単勝,2463,1012,86.6,85.5,89.5,0
3.突出度,1位が2位の1.6倍以上 × 人気3,複勝,4485,3052,86.7,85.3,88.1,0
3.突出度,1位が2位の2.0倍以上 × 人気不問,単勝,2474,1013,86.8,84.9,89.3,0
1.レース選択,堅い（エントロピー下位25%) × MF3位以内,複勝,13113,7636,86.5,84.7,87.5,0
3.突出度,1位が2位の1.6倍以上 × 人気不問,複勝,4722,3137,87.1,84.3,88.8,0
3.突出度,1位が2位の1.3倍以上 × 人気3,複勝,7786,5036,85.1,84.1,87.2,0
3.突出度,1位が2位の1.6倍以上 × 人気6,複勝,4691,3129,87.0,83.6,89.2,0
3.突出度,1位が2位の3.0倍以上 × 人気6,複勝,565,419,87.4,83.0,95.2,0
3.突出度,1位が2位の1.3倍以上 × 人気不問,複勝,8402,5229,84.8,82.8,87.2,0
1.レース選択,モデルと市場が一致(相関0.7+) × MF1位以内,複勝,13092,7903,84.3,82.7,85.3,0
3.突出度,1位が2位の2.0倍以上 × 人気3,単勝,2398,1004,86.2,82.7,90.5,0
3.突出度,1位が2位の3.0倍以上 × 人気3,複勝,560,416,86.9,82.7,95.2,0
3.突出度,1位が2位の3.0倍以上 × 人気不問,複勝,568,420,87.6,82.6,97.4,0
3.突出度,1位が2位の1.3倍以上 × 人気6,複勝,8298,5214,85.0,82.5,87.0,0
1.レース選択,モデルと市場が一致(相関0.7+) × MF3位以内,複勝,39276,19407,82.2,81.9,82.4,0
4.弱い1人気,1人気MF4位以下 × MF3位以内 × 1-50倍,単勝,5210,679,86.0,81.5,91.0,0
3.突出度,1位が2位の1.6倍以上 × 人気3,単勝,4485,1690,83.8,81.2,86.0,0
4.弱い1人気,1人気MF4位以下 × MF2位以内 × 1-50倍,単勝,3488,492,87.0,80.9,99.3,0
2.条件の掛合せ,道悪×長距離2100+ × MF5位以内,複勝,840,342,85.6,80.7,100.1,1
3.突出度,1位が2位の1.6倍以上 × 人気6,単勝,4691,1711,83.6,80.6,86.9,0
4.弱い1人気,1人気MF6位以下 × MF2位以内 × 1-10倍,複勝,956,401,82.5,80.6,88.5,0
3.突出度,1位が2位の1.6倍以上 × 人気不問,単勝,4722,1712,83.4,80.1,86.5,0
3.突出度,1位が2位の3.0倍以上 × 人気不問,単勝,568,277,89.1,80.1,113.4,2
5.複勝多点,MF4位以内 × 3-15倍,複勝,41776,17746,80.8,80.1,81.7,0
3.突出度,1位が2位の3.0倍以上 × 人気6,単勝,565,277,89.6,80.1,113.4,2
5.複勝多点,MF2位以内 × 3-15倍,複勝,19529,9109,82.2,80.0,83.8,0
2.条件の掛合せ,多頭数16+×道悪 × MF5位以内,複勝,3865,1491,81.5,79.8,85.3,0
2.条件の掛合せ,多頭数16+×道悪 × MF1位以内,複勝,773,428,84.4,79.7,87.9,0
2.条件の掛合せ,多頭数16+×道悪 × MF5位以内,単勝,3865,566,83.1,79.5,88.2,0
5.複勝多点,MF3位以内 × 3-15倍,複勝,31383,13833,80.9,79.1,81.5,0
2.条件の掛合せ,重賞級×長距離2100+ × MF5位以内,複勝,1590,648,83.7,79.1,85.5,0
3.突出度,1位が2位の1.3倍以上 × 人気3,単勝,7786,2613,81.3,79.0,84.7,0
3.突出度,1位が2位の1.3倍以上 × 人気6,単勝,8298,2671,81.7,78.8,86.5,0
5.複勝多点,MF2位以内 × 5-20倍,複勝,9713,3608,80.3,78.8,82.6,0
4.弱い1人気,1人気MF4位以下 × MF3位以内 × 10-30倍,単勝,1129,77,100.8,78.6,122.3,3
3.突出度,1位が2位の1.3倍以上 × 人気不問,単勝,8402,2676,81.7,78.1,86.0,0
5.複勝多点,MF3位以内 × 5-20倍,複勝,19208,6769,78.6,78.1,79.0,0
2.条件の掛合せ,多頭数16+×道悪 × MF3位以内,複勝,2319,1050,82.5,78.0,86.2,0
4.弱い1人気,1人気MF4位以下 × MF3位以内 × 1-50倍,複勝,5210,1950,79.9,77.8,83.9,0
4.弱い1人気,1人気MF4位以下 × MF3位以内 × 5-20倍,複勝,3474,1188,79.7,77.8,84.6,0
4.弱い1人気,1人気MF6位以下 × MF1位以内 × 1-50倍,複勝,617,245,82.8,77.6,93.3,0
1.レース選択,モデルと市場が一致(相関0.7+) × MF3位以内,単勝,39276,7924,79.5,77.6,81.7,0
4.弱い1人気,1人気MF4位以下 × MF2位以内 × 5-20倍,複勝,2176,800,85.0,77.4,90.9,0
4.弱い1人気,1人気MF6位以下 × MF1位以内 × 1-10倍,複勝,520,222,82.9,77.3,89.4,0
1.レース選択,混戦（エントロピー上位25%) × MF1位以内,複勝,3285,1412,80.4,77.2,88.6,0
5.複勝多点,MF4位以内 × 5-20倍,複勝,29261,10006,78.9,77.1,80.0,0
4.弱い1人気,1人気MF4位以下 × MF2位以内 × 10-30倍,単勝,588,48,117.7,77.1,168.8,3
5.複勝多点,MF2位以内 × 10-30倍,複勝,2364,587,80.1,76.8,85.2,0
4.弱い1人気,1人気MF6位以下 × MF2位以内 × 1-50倍,複勝,1228,466,83.7,76.8,91.0,0
4.弱い1人気,1人気MF4位以下 × MF2位以内 × 1-50倍,複勝,3488,1415,83.2,76.7,88.0,0
1.レース選択,混戦（エントロピー上位25%) × MF3位以内,複勝,9855,3687,78.5,76.6,80.7,0
4.弱い1人気,1人気MF6位以下 × MF3位以内 × 1-10倍,複勝,1328,535,79.8,76.5,84.7,0
4.弱い1人気,1人気MF4位以下 × MF1位以内 × 1-50倍,複勝,1749,746,83.1,76.4,91.0,0
1.レース選択,モデルと市場が一致(相関0.7+) × MF1位以内,単勝,13092,3799,80.1,76.2,82.9,0
3.突出度,1位が2位の3.0倍以上 × 人気3,単勝,560,276,89.0,76.1,113.4,2
1.レース選択,混戦（エントロピー上位25%) × MF3位以内,単勝,9855,1411,79.1,76.0,80.3,0
4.弱い1人気,1人気MF4位以下 × MF3位以内 × 1-10倍,複勝,3980,1699,81.1,76.0,85.0,0
4.弱い1人気,1人気MF4位以下 × MF2位以内 × 5-20倍,単勝,2176,251,87.9,75.7,112.1,1
4.弱い1人気,1人気MF4位以下 × MF1位以内 × 5-20倍,複勝,968,369,87.5,75.5,102.8,1
4.弱い1人気,1人気MF4位以下 × MF3位以内 × 5-20倍,単勝,3474,373,83.7,75.2,91.9,0
4.弱い1人気,1人気MF4位以下 × MF1位以内 × 5-20倍,単勝,968,122,93.7,75.0,116.1,2
2.条件の掛合せ,道悪×長距離2100+ × MF3位以内,複勝,504,231,80.7,75.0,91.4,0
1.レース選択,堅い（エントロピー下位25%) × MF3位以内,単勝,13113,3208,77.9,74.8,85.2,0
1.レース選択,堅い（エントロピー下位25%) × MF1位以内,単勝,4371,1753,79.9,74.8,88.1,0
5.複勝多点,MF3位以内 × 10-30倍,複勝,6354,1528,77.6,74.7,81.8,0
4.弱い1人気,1人気MF6位以下 × MF2位以内 × 5-20倍,複勝,831,297,88.5,74.6,94.9,0
2.条件の掛合せ,多頭数16+×長距離2100+ × MF3位以内,複勝,999,455,81.9,74.5,95.0,0
2.条件の掛合せ,重賞級×長距離2100+ × MF3位以内,複勝,954,458,86.6,74.1,96.8,0
2.条件の掛合せ,多頭数16+×長距離2100+ × MF1位以内,複勝,333,191,87.2,73.6,115.2,1
4.弱い1人気,1人気MF4位以下 × MF1位以内 × 1-10倍,複勝,1531,692,83.1,73.3,90.3,0
4.弱い1人気,1人気MF4位以下 × MF1位以内 × 1-50倍,単勝,1749,274,87.5,73.2,102.2,1
4.弱い1人気,1人気MF4位以下 × MF2位以内 × 1-10倍,単勝,2854,442,79.5,72.9,88.7,0
4.弱い1人気,1人気MF4位以下 × MF2位以内 × 1-10倍,複勝,2854,1267,82.8,72.8,87.7,0
5.複勝多点,MF4位以内 × 10-30倍,複勝,12265,2847,76.0,72.7,78.4,0
4.弱い1人気,1人気MF4位以下 × MF2位以内 × 10-30倍,複勝,588,143,84.1,72.3,95.2,0
2.条件の掛合せ,多頭数16+×長距離2100+ × MF5位以内,単勝,1665,253,83.3,72.2,94.5,0
4.弱い1人気,1人気MF6位以下 × MF1位以内 × 5-20倍,複勝,383,139,87.2,72.1,108.5,1
2.条件の掛合せ,重賞級×長距離2100+ × MF3位以内,単勝,954,182,81.8,71.8,99.9,0
2.条件の掛合せ,多頭数16+×重賞級 × MF5位以内,単勝,2840,368,80.6,71.7,91.5,0
2.条件の掛合せ,多頭数16+×重賞級 × MF5位以内,複勝,2840,971,80.2,71.7,87.2,0
4.弱い1人気,1人気MF4位以下 × MF3位以内 × 1-10倍,単勝,3980,598,80.3,71.1,89.2,0
4.弱い1人気,1人気MF4位以下 × MF1位以内 × 1-10倍,単勝,1531,253,81.3,70.6,98.1,0
2.条件の掛合せ,多頭数16+×重賞級 × MF1位以内,単勝,568,121,79.3,69.4,92.7,0
4.弱い1人気,1人気MF4位以下 × MF1位以内 × 10-30倍,単勝,204,20,125.1,69.1,210.2,2
4.弱い1人気,1人気MF6位以下 × MF3位以内 × 1-50倍,複勝,1834,632,77.5,68.6,83.6,0
1.レース選択,混戦（エントロピー上位25%) × MF1位以内,単勝,3285,561,77.5,68.0,88.3,0
2.条件の掛合せ,多頭数16+×長距離2100+ × MF5位以内,複勝,1665,651,82.1,67.7,93.7,0
2.条件の掛合せ,道悪×長距離2100+ × MF5位以内,単勝,840,136,93.6,67.7,104.7,1
4.弱い1人気,1人気MF6位以下 × MF3位以内 × 1-50倍,単勝,1834,212,78.9,66.3,96.7,0
2.条件の掛合せ,重賞級×長距離2100+ × MF5位以内,単勝,1590,239,79.0,65.1,86.1,0
2.条件の掛合せ,多頭数16+×道悪 × MF3位以内,単勝,2319,423,77.6,64.8,86.1,0
4.弱い1人気,1人気MF6位以下 × MF2位以内 × 5-20倍,単勝,831,87,87.1,64.8,123.7,2
2.条件の掛合せ,多頭数16+×重賞級 × MF1位以内,複勝,568,264,81.5,64.7,94.6,0
2.条件の掛合せ,多頭数16+×重賞級 × MF3位以内,複勝,1704,655,77.8,64.5,93.1,0
2.条件の掛合せ,道悪×重賞級 × MF3位以内,複勝,375,148,78.1,64.3,89.5,0
2.条件の掛合せ,道悪×重賞級 × MF5位以内,複勝,625,214,77.7,63.9,87.6,0
4.弱い1人気,1人気MF6位以下 × MF2位以内 × 10-30倍,複勝,250,64,92.8,63.6,126.9,2
2.条件の掛合せ,多頭数16+×道悪 × MF1位以内,単勝,773,196,75.7,62.5,86.5,0
4.弱い1人気,1人気MF6位以下 × MF3位以内 × 5-20倍,複勝,1298,419,79.2,62.3,85.0,0
4.弱い1人気,1人気MF6位以下 × MF3位以内 × 5-20倍,単勝,1298,128,80.7,62.0,106.5,1
4.弱い1人気,1人気MF4位以下 × MF3位以内 × 10-30倍,複勝,1129,241,74.4,62.0,87.8,0
2.条件の掛合せ,道悪×長距離2100+ × MF3位以内,単勝,504,97,76.5,58.9,101.6,1
4.弱い1人気,1人気MF6位以下 × MF2位以内 × 1-50倍,単勝,1228,153,82.5,58.9,115.3,2
2.条件の掛合せ,多頭数16+×重賞級 × MF3位以内,単勝,1704,266,76.9,58.8,106.0,1
2.条件の掛合せ,重賞級×長距離2100+ × MF1位以内,単勝,318,91,86.3,57.2,106.7,2
2.条件の掛合せ,多頭数16+×長距離2100+ × MF1位以内,単勝,333,96,89.4,56.7,175.0,2
4.弱い1人気,1人気MF6位以下 × MF1位以内 × 1-50倍,単勝,617,80,75.3,56.6,93.7,0
4.弱い1人気,1人気MF6位以下 × MF1位以内 × 5-20倍,単勝,383,39,78.8,56.1,91.0,0
4.弱い1人気,1人気MF6位以下 × MF3位以内 × 10-30倍,単勝,466,32,91.5,51.4,143.3,1
4.弱い1人気,1人気MF4位以下 × MF1位以内 × 10-30倍,複勝,204,53,83.8,50.0,117.3,1
2.条件の掛合せ,多頭数16+×長距離2100+ × MF3位以内,単勝,999,197,77.7,49.1,91.0,0
4.弱い1人気,1人気MF6位以下 × MF2位以内 × 10-30倍,単勝,250,24,132.2,44.8,237.8,3
4.弱い1人気,1人気MF6位以下 × MF3位以内 × 1-10倍,単勝,1328,179,74.0,42.7,92.7,0
4.弱い1人気,1人気MF6位以下 × MF2位以内 × 1-10倍,単勝,956,129,71.5,42.4,92.7,0
4.弱い1人気,1人気MF6位以下 × MF3位以内 × 10-30倍,複勝,466,94,71.6,41.5,93.0,0
2.条件の掛合せ,道悪×重賞級 × MF5位以内,単勝,625,82,78.8,36.0,92.5,0
4.弱い1人気,1人気MF6位以下 × MF1位以内 × 1-10倍,単勝,520,70,66.7,33.0,93.3,0
2.条件の掛合せ,道悪×重賞級 × MF3位以内,単勝,375,55,67.9,29.0,82.0,0
