kaisai_key,date
2019010101,2019-07-27
2019010102,2019-07-28
2019010103,2019-08-03
2019010104,2019-08-04
2019010105,2019-08-10
2019010106,2019-08-11
2019010201,2019-08-17
2019010202,2019-08-18
2019010203,2019-08-24
2019010204,2019-08-25
2019010205,2019-08-31
2019010206,2019-09-01
2019020101,2019-06-15
2019020102,2019-06-16
2019020103,2019-06-22
2019020104,2019-06-23
2019020105,2019-06-29
2019020106,2019-06-30
2019020201,2019-07-06
2019020202,2019-07-07
2019020203,2019-07-13
2019020204,2019-07-14
2019020205,2019-07-20
2019020206,2019-07-21
2019030101,2019-04-06
2019030102,2019-04-07
2019030103,2019-04-13
2019030104,2019-04-14
2019030105,2019-04-20
2019030106,2019-04-21
2019030201,2019-06-29
2019030202,2019-06-30
2019030203,2019-07-06
2019030204,2019-07-07
2019030205,2019-07-13
2019030206,2019-07-14
2019030207,2019-07-20
2019030208,2019-07-21
2019030301,2019-11-02
2019030302,2019-11-03
2019030303,2019-11-09
2019030304,2019-11-10
2019030305,2019-11-16
2019030306,2019-11-17
2019040101,2019-04-27
2019040102,2019-04-29
2019040103,2019-05-04
2019040104,2019-05-05
2019040105,2019-05-11
2019040106,2019-05-12
2019040107,2019-05-18
2019040108,2019-05-19
2019040201,2019-07-27
2019040202,2019-07-28
2019040203,2019-08-03
2019040204,2019-08-04
2019040205,2019-08-10
2019040206,2019-08-11
2019040207,2019-08-17
2019040208,2019-08-18
2019040209,2019-08-24
2019040210,2019-08-25
2019040211,2019-08-31
2019040212,2019-09-01
2019040301,2019-10-05
2019040302,2019-10-06
2019040303,2019-10-19
2019040304,2019-10-20
2019040305,2019-10-26
2019040306,2019-10-27
2019050101,2019-01-26
2019050102,2019-01-27
2019050103,2019-02-02
2019050104,2019-02-03
2019050105,2019-02-11
2019050106,2019-02-10
2019050107,2019-02-16
2019050108,2019-02-17
2019050201,2019-04-20
2019050202,2019-04-21
2019050203,2019-04-27
2019050204,2019-04-28
2019050205,2019-05-04
2019050206,2019-05-05
2019050207,2019-05-11
2019050208,2019-05-12
2019050209,2019-05-18
2019050210,2019-05-19
2019050211,2019-05-25
2019050212,2019-05-26
2019050301,2019-06-01
2019050302,2019-06-02
2019050303,2019-06-08
2019050304,2019-06-09
2019050305,2019-06-15
2019050306,2019-06-16
2019050307,2019-06-22
2019050308,2019-06-23
2019050401,2019-10-05
2019050402,2019-10-06
2019050403,2019-10-15
2019050404,2019-10-21
2019050405,2019-10-14
2019050406,2019-10-19
2019050407,2019-10-20
2019050408,2019-10-26
2019050409,2019-10-27
2019050501,2019-11-02
2019050502,2019-11-03
2019050503,2019-11-09
2019050504,2019-11-10
2019050505,2019-11-16
2019050506,2019-11-17
2019050507,2019-11-23
2019050508,2019-11-24
2019060101,2019-01-05
2019060102,2019-01-06
2019060103,2019-01-12
2019060104,2019-01-13
2019060105,2019-01-14
2019060106,2019-01-19
2019060107,2019-01-20
2019060201,2019-02-23
2019060202,2019-02-24
2019060203,2019-03-02
2019060204,2019-03-03
2019060205,2019-03-09
2019060206,2019-03-10
2019060207,2019-03-16
2019060208,2019-03-17
2019060301,2019-03-23
2019060302,2019-03-24
2019060303,2019-03-30
2019060304,2019-03-31
2019060305,2019-04-06
2019060306,2019-04-07
2019060307,2019-04-13
2019060308,2019-04-14
2019060401,2019-09-07
2019060402,2019-09-08
2019060403,2019-09-14
2019060404,2019-09-15
2019060405,2019-09-16
2019060406,2019-09-21
2019060407,2019-09-22
2019060408,2019-09-28
2019060409,2019-09-29
2019060501,2019-11-30
2019060502,2019-12-01
2019060503,2019-12-07
2019060504,2019-12-08
2019060505,2019-12-14
2019060506,2019-12-15
2019060507,2019-12-21
2019060508,2019-12-22
2019060509,2019-12-28
2019070101,2019-01-19
2019070102,2019-01-20
2019070103,2019-01-26
2019070104,2019-01-27
2019070105,2019-02-02
2019070106,2019-02-03
2019070201,2019-03-09
2019070202,2019-03-10
2019070203,2019-03-16
2019070204,2019-03-17
2019070205,2019-03-23
2019070206,2019-03-24
2019070301,2019-06-29
2019070302,2019-06-30
2019070303,2019-07-06
2019070304,2019-07-07
2019070305,2019-07-13
2019070306,2019-07-14
2019070307,2019-07-20
2019070308,2019-07-21
2019070401,2019-11-30
2019070402,2019-12-01
2019070403,2019-12-07
2019070404,2019-12-08
2019070405,2019-12-14
2019070406,2019-12-15
2019080101,2019-01-05
2019080102,2019-01-06
2019080103,2019-01-12
2019080104,2019-01-13
2019080105,2019-01-14
2019080106,2019-01-19
2019080107,2019-01-20
2019080201,2019-01-26
2019080202,2019-01-27
2019080203,2019-02-02
2019080204,2019-02-03
2019080205,2019-02-09
2019080206,2019-02-10
2019080207,2019-02-16
2019080208,2019-02-17
2019080301,2019-04-20
2019080302,2019-04-21
2019080303,2019-04-28
2019080304,2019-04-29
2019080305,2019-05-04
2019080306,2019-05-05
2019080307,2019-05-11
2019080308,2019-05-12
2019080309,2019-05-18
2019080310,2019-05-19
2019080311,2019-05-25
2019080312,2019-05-26
2019080401,2019-10-05
2019080402,2019-10-06
2019080403,2019-10-12
2019080404,2019-10-13
2019080405,2019-10-14
2019080406,2019-10-19
2019080407,2019-10-20
2019080408,2019-10-26
2019080409,2019-10-27
2019080501,2019-11-02
2019080502,2019-11-03
2019080503,2019-11-09
2019080504,2019-11-10
2019080505,2019-11-16
2019080506,2019-11-17
2019080507,2019-11-23
2019080508,2019-11-24
2019090101,2019-02-23
2019090102,2019-02-24
2019090103,2019-03-02
2019090104,2019-03-03
2019090105,2019-03-09
2019090106,2019-03-10
2019090107,2019-03-16
2019090108,2019-03-17
2019090201,2019-03-23
2019090202,2019-03-24
2019090203,2019-03-30
2019090204,2019-03-31
2019090205,2019-04-06
2019090206,2019-04-07
2019090207,2019-04-13
2019090208,2019-04-14
2019090301,2019-06-01
2019090302,2019-06-02
2019090303,2019-06-08
2019090304,2019-06-09
2019090305,2019-06-15
2019090306,2019-06-16
2019090307,2019-06-22
2019090308,2019-06-23
2019090401,2019-09-07
2019090402,2019-09-08
2019090403,2019-09-14
2019090404,2019-09-15
2019090405,2019-09-16
2019090406,2019-09-21
2019090407,2019-09-22
2019090408,2019-09-28
2019090409,2019-09-29
2019090501,2019-11-30
2019090502,2019-12-01
2019090503,2019-12-07
2019090504,2019-12-08
2019090505,2019-12-14
2019090506,2019-12-15
2019090507,2019-12-21
2019090508,2019-12-22
2019090509,2019-12-28
2019100101,2019-02-09
2019100102,2019-02-10
2019100103,2019-02-16
2019100104,2019-02-17
2019100105,2019-02-23
2019100106,2019-02-24
2019100107,2019-03-02
2019100108,2019-03-03
2019100201,2019-07-27
2019100202,2019-07-28
2019100203,2019-08-03
2019100204,2019-08-04
2019100205,2019-08-10
2019100206,2019-08-11
2019100207,2019-08-17
2019100208,2019-08-18
2019100209,2019-08-24
2019100210,2019-08-25
2019100211,2019-08-31
2019100212,2019-09-01
2020010101,2020-07-25
2020010102,2020-07-26
2020010103,2020-08-01
2020010104,2020-08-02
2020010105,2020-08-08
2020010106,2020-08-09
2020010201,2020-08-15
2020010202,2020-08-16
2020010203,2020-08-22
2020010204,2020-08-23
2020010205,2020-08-29
2020010206,2020-08-30
2020010207,2020-09-05
2020010208,2020-09-06
2020020101,2020-06-13
2020020102,2020-06-14
2020020103,2020-06-20
2020020104,2020-06-21
2020020105,2020-06-27
2020020106,2020-06-28
2020020201,2020-07-04
2020020202,2020-07-05
2020020203,2020-07-11
2020020204,2020-07-12
2020020205,2020-07-18
2020020206,2020-07-19
2020030101,2020-04-11
2020030102,2020-04-12
2020030103,2020-04-18
2020030104,2020-04-19
2020030105,2020-04-25
2020030106,2020-04-26
2020030107,2020-05-02
2020030108,2020-05-03
2020030201,2020-07-04
2020030202,2020-07-05
2020030203,2020-07-11
2020030204,2020-07-12
2020030205,2020-07-18
2020030206,2020-07-19
2020030301,2020-10-31
2020030302,2020-11-01
2020030303,2020-11-07
2020030304,2020-11-08
2020030305,2020-11-14
2020030306,2020-11-15
2020040101,2020-05-09
2020040102,2020-05-10
2020040103,2020-05-16
2020040104,2020-05-17
2020040105,2020-05-23
2020040106,2020-05-24
2020040201,2020-07-25
2020040202,2020-07-26
2020040203,2020-08-01
2020040204,2020-08-02
2020040205,2020-08-08
2020040206,2020-08-09
2020040301,2020-08-15
2020040302,2020-08-16
2020040303,2020-08-22
2020040304,2020-08-23
2020040305,2020-08-29
2020040306,2020-08-30
2020040307,2020-09-05
2020040308,2020-09-06
2020040401,2020-10-10
2020040402,2020-10-11
2020040403,2020-10-17
2020040404,2020-10-18
2020040405,2020-10-24
2020040406,2020-10-25
2020050101,2020-02-01
2020050102,2020-02-02
2020050103,2020-02-08
2020050104,2020-02-09
2020050105,2020-02-15
2020050106,2020-02-16
2020050107,2020-02-22
2020050108,2020-02-23
2020050201,2020-04-25
2020050202,2020-04-26
2020050203,2020-05-02
2020050204,2020-05-03
2020050205,2020-05-09
2020050206,2020-05-10
2020050207,2020-05-16
2020050208,2020-05-17
2020050209,2020-05-23
2020050210,2020-05-24
2020050211,2020-05-30
2020050212,2020-05-31
2020050301,2020-06-06
2020050302,2020-06-07
2020050303,2020-06-13
2020050304,2020-06-14
2020050305,2020-06-20
2020050306,2020-06-21
2020050307,2020-06-27
2020050308,2020-06-28
2020050401,2020-10-10
2020050402,2020-10-11
2020050403,2020-10-17
2020050404,2020-10-18
2020050405,2020-10-24
2020050406,2020-10-25
2020050407,2020-10-31
2020050408,2020-11-01
2020050501,2020-11-07
2020050502,2020-11-08
2020050503,2020-11-14
2020050504,2020-11-15
2020050505,2020-11-21
2020050506,2020-11-22
2020050507,2020-11-23
2020050508,2020-11-28
2020050509,2020-11-29
2020060101,2020-01-05
2020060102,2020-01-06
2020060103,2020-01-11
2020060104,2020-01-12
2020060105,2020-01-13
2020060106,2020-01-18
2020060107,2020-01-19
2020060108,2020-01-25
2020060109,2020-01-26
2020060201,2020-02-29
2020060202,2020-03-01
2020060203,2020-03-07
2020060204,2020-03-08
2020060205,2020-03-14
2020060206,2020-03-15
2020060207,2020-03-20
2020060208,2020-03-21
2020060209,2020-03-22
2020060301,2020-03-28
2020060302,2020-03-29
2020060303,2020-04-04
2020060304,2020-04-05
2020060305,2020-04-11
2020060306,2020-04-12
2020060307,2020-04-18
2020060308,2020-04-19
2020060401,2020-09-12
2020060402,2020-09-13
2020060403,2020-09-19
2020060404,2020-09-20
2020060405,2020-09-21
2020060406,2020-09-26
2020060407,2020-09-27
2020060408,2020-10-03
2020060409,2020-10-04
2020060501,2020-12-05
2020060502,2020-12-06
2020060503,2020-12-12
2020060504,2020-12-13
2020060505,2020-12-19
2020060506,2020-12-20
2020060507,2020-12-26
2020060508,2020-12-27
2020070101,2020-02-29
2020070102,2020-03-01
2020070103,2020-03-07
2020070104,2020-03-08
2020070105,2020-03-14
2020070106,2020-03-15
2020070107,2020-03-28
2020070108,2020-03-29
2020070201,2020-09-12
2020070202,2020-09-13
2020070203,2020-09-19
2020070204,2020-09-20
2020070205,2020-09-21
2020070206,2020-09-26
2020070207,2020-09-27
2020070208,2020-10-03
2020070209,2020-10-04
2020070301,2020-12-05
2020070302,2020-12-06
2020070303,2020-12-12
2020070304,2020-12-13
2020070305,2020-12-19
2020070306,2020-12-20
2020080101,2020-01-05
2020080102,2020-01-06
2020080103,2020-01-11
2020080104,2020-01-12
2020080105,2020-01-13
2020080106,2020-01-18
2020080107,2020-01-19
2020080108,2020-01-25
2020080109,2020-01-26
2020080201,2020-02-01
2020080202,2020-02-02
2020080203,2020-02-08
2020080204,2020-02-09
2020080205,2020-02-15
2020080206,2020-02-16
2020080207,2020-02-22
2020080208,2020-02-23
2020080301,2020-04-25
2020080302,2020-04-26
2020080303,2020-05-02
2020080304,2020-05-03
2020080305,2020-05-09
2020080306,2020-05-10
2020080307,2020-05-16
2020080308,2020-05-17
2020080309,2020-05-23
2020080310,2020-05-24
2020080311,2020-05-30
2020080312,2020-05-31
2020080401,2020-10-10
2020080402,2020-10-11
2020080403,2020-10-17
2020080404,2020-10-18
2020080405,2020-10-24
2020080406,2020-10-25
2020080407,2020-10-31
2020080408,2020-11-01
2020090101,2020-02-29
2020090102,2020-03-01
2020090103,2020-03-07
2020090104,2020-03-08
2020090105,2020-03-14
2020090106,2020-03-15
2020090107,2020-03-20
2020090108,2020-03-21
2020090109,2020-03-22
2020090201,2020-03-28
2020090202,2020-03-29
2020090203,2020-04-04
2020090204,2020-04-05
2020090205,2020-04-11
2020090206,2020-04-12
2020090207,2020-04-18
2020090208,2020-04-19
2020090301,2020-06-06
2020090302,2020-06-07
2020090303,2020-06-13
2020090304,2020-06-14
2020090305,2020-06-20
2020090306,2020-06-21
2020090307,2020-06-27
2020090308,2020-06-28
2020090401,2020-07-04
2020090402,2020-07-05
2020090403,2020-07-11
2020090404,2020-07-12
2020090405,2020-07-18
2020090406,2020-07-19
2020090501,2020-11-07
2020090502,2020-11-08
2020090503,2020-11-14
2020090504,2020-11-15
2020090505,2020-11-21
2020090506,2020-11-22
2020090507,2020-11-23
2020090508,2020-11-28
2020090509,2020-11-29
2020090601,2020-12-05
2020090602,2020-12-06
2020090603,2020-12-12
2020090604,2020-12-13
2020090605,2020-12-19
2020090606,2020-12-20
2020090607,2020-12-26
2020090608,2020-12-27
2020100101,2020-01-18
2020100102,2020-01-19
2020100103,2020-01-25
2020100104,2020-01-26
2020100105,2020-02-01
2020100106,2020-02-02
2020100107,2020-02-08
2020100108,2020-02-09
2020100109,2020-02-15
2020100110,2020-02-16
2020100111,2020-02-22
2020100112,2020-02-23
2020100201,2020-08-15
2020100202,2020-08-16
2020100203,2020-08-22
2020100204,2020-08-23
2020100205,2020-08-29
2020100206,2020-08-30
2020100207,2020-09-05
2020100208,2020-09-06
2021010101,2021-06-12
2021010102,2021-06-13
2021010103,2021-06-19
2021010104,2021-06-20
2021010105,2021-06-26
2021010106,2021-06-27
2021010201,2021-08-14
2021010202,2021-08-15
2021010203,2021-08-21
2021010204,2021-08-22
2021010205,2021-08-28
2021010206,2021-08-29
2021010207,2021-09-04
2021010208,2021-09-05
2021020101,2021-07-03
2021020102,2021-07-04
2021020103,2021-07-10
2021020104,2021-07-11
2021020105,2021-07-17
2021020106,2021-07-18
2021020107,2021-07-24
2021020108,2021-07-25
2021020109,2021-07-31
2021020110,2021-08-01
2021020111,2021-08-07
2021020112,2021-08-08
2021030101,2021-07-03
2021030102,2021-07-04
2021030103,2021-07-10
2021030104,2021-07-11
2021030105,2021-07-17
2021030106,2021-07-18
2021030201,2021-11-06
2021030202,2021-11-07
2021030203,2021-11-13
2021030204,2021-11-14
2021030205,2021-11-20
2021030206,2021-11-21
2021040101,2021-04-10
2021040102,2021-04-11
2021040103,2021-04-17
2021040104,2021-04-18
2021040105,2021-04-24
2021040106,2021-04-25
2021040107,2021-05-01
2021040108,2021-05-02
2021040201,2021-05-08
2021040202,2021-05-09
2021040203,2021-05-15
2021040204,2021-05-16
2021040205,2021-05-22
2021040206,2021-05-23
2021040301,2021-07-24
2021040302,2021-07-25
2021040303,2021-07-31
2021040304,2021-08-01
2021040305,2021-08-07
2021040306,2021-08-08
2021040401,2021-08-14
2021040402,2021-08-15
2021040403,2021-08-21
2021040404,2021-08-22
2021040405,2021-08-28
2021040406,2021-08-29
2021040407,2021-09-04
2021040408,2021-09-05
2021040501,2021-10-09
2021040502,2021-10-10
2021040503,2021-10-16
2021040504,2021-10-17
2021040505,2021-10-23
2021040506,2021-10-24
2021040507,2021-10-30
2021040508,2021-10-31
2021050101,2021-01-30
2021050102,2021-01-31
2021050103,2021-02-06
2021050104,2021-02-07
2021050105,2021-02-13
2021050106,2021-02-14
2021050107,2021-02-20
2021050108,2021-02-21
2021050201,2021-04-24
2021050202,2021-04-25
2021050203,2021-05-01
2021050204,2021-05-02
2021050205,2021-05-08
2021050206,2021-05-09
2021050207,2021-05-15
2021050208,2021-05-16
2021050209,2021-05-22
2021050210,2021-05-23
2021050211,2021-05-29
2021050212,2021-05-30
2021050301,2021-06-05
2021050302,2021-06-06
2021050303,2021-06-12
2021050304,2021-06-13
2021050305,2021-06-19
2021050306,2021-06-20
2021050307,2021-06-26
2021050308,2021-06-27
2021050401,2021-10-09
2021050402,2021-10-10
2021050403,2021-10-16
2021050404,2021-10-17
2021050405,2021-10-23
2021050406,2021-10-24
2021050407,2021-10-30
2021050408,2021-10-31
2021050501,2021-11-06
2021050502,2021-11-07
2021050503,2021-11-13
2021050504,2021-11-14
2021050505,2021-11-20
2021050506,2021-11-21
2021050507,2021-11-27
2021050508,2021-11-28
2021060101,2021-01-05
2021060102,2021-01-09
2021060103,2021-01-10
2021060104,2021-01-11
2021060105,2021-01-16
2021060106,2021-01-17
2021060107,2021-01-23
2021060108,2021-01-24
2021060201,2021-02-27
2021060202,2021-02-28
2021060203,2021-03-06
2021060204,2021-03-07
2021060205,2021-03-13
2021060206,2021-03-14
2021060207,2021-03-20
2021060208,2021-03-21
2021060301,2021-03-27
2021060302,2021-03-28
2021060303,2021-04-03
2021060304,2021-04-04
2021060305,2021-04-10
2021060306,2021-04-11
2021060307,2021-04-17
2021060308,2021-04-18
2021060401,2021-09-11
2021060402,2021-09-12
2021060403,2021-09-18
2021060404,2021-09-19
2021060405,2021-09-20
2021060406,2021-09-25
2021060407,2021-09-26
2021060408,2021-10-02
2021060409,2021-10-03
2021060501,2021-12-04
2021060502,2021-12-05
2021060503,2021-12-11
2021060504,2021-12-12
2021060505,2021-12-18
2021060506,2021-12-19
2021060507,2021-12-25
2021060508,2021-12-26
2021070101,2021-01-05
2021070102,2021-01-09
2021070103,2021-01-10
2021070104,2021-01-11
2021070105,2021-01-16
2021070106,2021-01-17
2021070107,2021-01-23
2021070108,2021-01-24
2021070109,2021-01-30
2021070110,2021-01-31
2021070111,2021-02-06
2021070112,2021-02-07
2021070201,2021-03-13
2021070202,2021-03-14
2021070203,2021-03-20
2021070204,2021-03-21
2021070205,2021-03-27
2021070206,2021-03-28
2021070301,2021-05-08
2021070302,2021-05-09
2021070303,2021-05-15
2021070304,2021-05-16
2021070305,2021-05-22
2021070306,2021-05-23
2021070307,2021-05-29
2021070308,2021-05-30
2021070401,2021-06-05
2021070402,2021-06-06
2021070403,2021-06-12
2021070404,2021-06-13
2021070501,2021-09-11
2021070502,2021-09-12
2021070503,2021-09-18
2021070504,2021-09-19
2021070505,2021-09-20
2021070506,2021-09-25
2021070507,2021-09-26
2021070508,2021-10-02
2021070509,2021-10-03
2021070601,2021-12-04
2021070602,2021-12-05
2021070603,2021-12-11
2021070604,2021-12-12
2021070605,2021-12-18
2021070606,2021-12-19
2021090101,2021-02-13
2021090102,2021-02-14
2021090103,2021-02-20
2021090104,2021-02-21
2021090105,2021-02-27
2021090106,2021-02-28
2021090107,2021-03-06
2021090108,2021-03-07
2021090109,2021-03-13
2021090110,2021-03-14
2021090111,2021-03-20
2021090112,2021-03-21
2021090201,2021-03-27
2021090202,2021-03-28
2021090203,2021-04-03
2021090204,2021-04-04
2021090205,2021-04-10
2021090206,2021-04-11
2021090207,2021-04-17
2021090208,2021-04-18
2021090209,2021-04-24
2021090210,2021-04-25
2021090211,2021-05-01
2021090212,2021-05-02
2021090301,2021-06-19
2021090302,2021-06-20
2021090303,2021-06-26
2021090304,2021-06-27
2021090401,2021-10-09
2021090402,2021-10-10
2021090403,2021-10-16
2021090404,2021-10-17
2021090405,2021-10-23
2021090406,2021-10-24
2021090407,2021-10-30
2021090408,2021-10-31
2021090501,2021-11-06
2021090502,2021-11-07
2021090503,2021-11-13
2021090504,2021-11-14
2021090505,2021-11-20
2021090506,2021-11-21
2021090507,2021-11-27
2021090508,2021-11-28
2021090601,2021-12-04
2021090602,2021-12-05
2021090603,2021-12-11
2021090604,2021-12-12
2021090605,2021-12-18
2021090606,2021-12-19
2021090607,2021-12-25
2021090608,2021-12-26
2021100101,2021-01-16
2021100102,2021-01-17
2021100103,2021-01-23
2021100104,2021-01-24
2021100105,2021-01-30
2021100106,2021-01-31
2021100107,2021-02-06
2021100108,2021-02-07
2021100201,2021-02-13
2021100202,2021-02-14
2021100203,2021-02-20
2021100204,2021-02-21
2021100205,2021-02-27
2021100206,2021-02-28
2021100207,2021-03-06
2021100208,2021-03-07
2021100301,2021-07-03
2021100302,2021-07-04
2021100303,2021-07-10
2021100304,2021-07-11
2021100305,2021-07-17
2021100306,2021-07-18
2021100401,2021-08-14
2021100402,2021-08-15
2021100403,2021-08-21
2021100404,2021-08-22
2021100405,2021-08-28
2021100406,2021-08-29
2021100407,2021-09-04
2021100408,2021-09-05
2022010101,2022-07-23
2022010102,2022-07-24
2022010103,2022-07-30
2022010104,2022-07-31
2022010105,2022-08-06
2022010106,2022-08-07
2022010201,2022-08-13
2022010202,2022-08-14
2022010203,2022-08-20
2022010204,2022-08-21
2022010205,2022-08-27
2022010206,2022-08-28
2022010207,2022-09-03
2022010208,2022-09-04
2022020101,2022-06-11
2022020102,2022-06-12
2022020103,2022-06-18
2022020104,2022-06-19
2022020105,2022-06-25
2022020106,2022-06-26
2022020107,2022-07-02
2022020108,2022-07-03
2022020109,2022-07-09
2022020110,2022-07-10
2022020111,2022-07-16
2022020112,2022-07-17
2022030101,2022-04-16
2022030102,2022-04-17
2022030103,2022-04-23
2022030104,2022-04-24
2022030105,2022-04-30
2022030106,2022-05-01
2022030201,2022-07-02
2022030202,2022-07-03
2022030203,2022-07-09
2022030204,2022-07-10
2022030205,2022-07-16
2022030206,2022-07-17
2022030207,2022-07-23
2022030208,2022-07-24
2022030301,2022-11-05
2022030302,2022-11-06
2022030303,2022-11-12
2022030304,2022-11-13
2022030305,2022-11-19
2022030306,2022-11-20
2022040101,2022-05-07
2022040102,2022-05-08
2022040103,2022-05-14
2022040104,2022-05-15
2022040105,2022-05-21
2022040106,2022-05-22
2022040107,2022-05-28
2022040108,2022-05-29
2022040201,2022-07-30
2022040202,2022-07-31
2022040203,2022-08-06
2022040204,2022-08-07
2022040301,2022-08-13
2022040302,2022-08-14
2022040303,2022-08-20
2022040304,2022-08-21
2022040305,2022-08-27
2022040306,2022-08-28
2022040307,2022-09-03
2022040308,2022-09-04
2022040401,2022-10-15
2022040402,2022-10-16
2022040403,2022-10-22
2022040404,2022-10-23
2022040405,2022-10-29
2022040406,2022-10-30
2022050101,2022-01-29
2022050102,2022-01-30
2022050103,2022-02-05
2022050104,2022-02-06
2022050105,2022-02-12
2022050106,2022-02-13
2022050107,2022-02-19
2022050108,2022-02-20
2022050201,2022-04-23
2022050202,2022-04-24
2022050203,2022-04-30
2022050204,2022-05-01
2022050205,2022-05-07
2022050206,2022-05-08
2022050207,2022-05-14
2022050208,2022-05-15
2022050209,2022-05-21
2022050210,2022-05-22
2022050211,2022-05-28
2022050212,2022-05-29
2022050301,2022-06-04
2022050302,2022-06-05
2022050303,2022-06-11
2022050304,2022-06-12
2022050305,2022-06-18
2022050306,2022-06-19
2022050307,2022-06-25
2022050308,2022-06-26
2022050401,2022-10-08
2022050402,2022-10-09
2022050403,2022-10-10
2022050404,2022-10-15
2022050405,2022-10-16
2022050406,2022-10-22
2022050407,2022-10-23
2022050408,2022-10-29
2022050409,2022-10-30
2022050501,2022-11-05
2022050502,2022-11-06
2022050503,2022-11-12
2022050504,2022-11-13
2022050505,2022-11-19
2022050506,2022-11-20
2022050507,2022-11-26
2022050508,2022-11-27
2022060101,2022-01-05
2022060102,2022-01-08
2022060103,2022-01-09
2022060104,2022-01-10
2022060105,2022-01-15
2022060106,2022-01-16
2022060107,2022-01-22
2022060108,2022-01-23
2022060201,2022-02-26
2022060202,2022-02-27
2022060203,2022-03-05
2022060204,2022-03-06
2022060205,2022-03-12
2022060206,2022-03-13
2022060207,2022-03-20
2022060208,2022-03-21
2022060301,2022-03-26
2022060302,2022-03-27
2022060303,2022-04-02
2022060304,2022-04-03
2022060305,2022-04-09
2022060306,2022-04-10
2022060307,2022-04-16
2022060308,2022-04-17
2022060401,2022-09-10
2022060402,2022-09-11
2022060403,2022-09-17
2022060404,2022-09-18
2022060405,2022-09-19
2022060406,2022-09-24
2022060407,2022-09-25
2022060408,2022-10-01
2022060409,2022-10-02
2022060501,2022-12-03
2022060502,2022-12-04
2022060503,2022-12-10
2022060504,2022-12-11
2022060505,2022-12-17
2022060506,2022-12-18
2022060507,2022-12-24
2022060508,2022-12-25
2022070101,2022-01-05
2022070102,2022-01-08
2022070103,2022-01-09
2022070104,2022-01-10
2022070105,2022-01-15
2022070106,2022-01-16
2022070107,2022-01-22
2022070108,2022-01-23
2022070109,2022-01-29
2022070110,2022-01-30
2022070111,2022-02-05
2022070112,2022-02-06
2022070201,2022-03-12
2022070202,2022-03-13
2022070203,2022-03-19
2022070204,2022-03-21
2022070205,2022-03-26
2022070206,2022-03-27
2022070301,2022-05-07
2022070302,2022-05-08
2022070303,2022-05-14
2022070304,2022-05-15
2022070305,2022-05-21
2022070306,2022-05-22
2022070307,2022-05-28
2022070308,2022-05-29
2022070401,2022-06-04
2022070402,2022-06-05
2022070403,2022-06-11
2022070404,2022-06-12
2022070501,2022-09-10
2022070502,2022-09-11
2022070503,2022-09-17
2022070504,2022-09-18
2022070505,2022-09-19
2022070506,2022-09-24
2022070507,2022-09-25
2022070508,2022-10-01
2022070509,2022-10-02
2022070601,2022-12-03
2022070602,2022-12-04
2022070603,2022-12-10
2022070604,2022-12-11
2022070605,2022-12-17
2022070606,2022-12-18
2022090101,2022-02-12
2022090102,2022-02-13
2022090103,2022-02-19
2022090104,2022-02-20
2022090105,2022-02-26
2022090106,2022-02-27
2022090107,2022-03-05
2022090108,2022-03-06
2022090109,2022-03-12
2022090110,2022-03-13
2022090111,2022-03-19
2022090112,2022-03-20
2022090201,2022-03-26
2022090202,2022-03-27
2022090203,2022-04-02
2022090204,2022-04-03
2022090205,2022-04-09
2022090206,2022-04-10
2022090207,2022-04-16
2022090208,2022-04-17
2022090209,2022-04-23
2022090210,2022-04-24
2022090211,2022-04-30
2022090212,2022-05-01
2022090301,2022-06-18
2022090302,2022-06-19
2022090303,2022-06-25
2022090304,2022-06-26
2022090401,2022-10-08
2022090402,2022-10-09
2022090403,2022-10-10
2022090404,2022-10-15
2022090405,2022-10-16
2022090406,2022-10-22
2022090407,2022-10-23
2022090408,2022-10-29
2022090409,2022-10-30
2022090501,2022-11-05
2022090502,2022-11-06
2022090503,2022-11-12
2022090504,2022-11-13
2022090505,2022-11-19
2022090506,2022-11-20
2022090507,2022-11-26
2022090508,2022-11-27
2022090601,2022-12-03
2022090602,2022-12-04
2022090603,2022-12-10
2022090604,2022-12-11
2022090605,2022-12-17
2022090606,2022-12-18
2022090607,2022-12-24
2022090608,2022-12-25
2022100101,2022-01-15
2022100102,2022-01-16
2022100103,2022-01-22
2022100104,2022-01-23
2022100105,2022-01-29
2022100106,2022-01-30
2022100107,2022-02-05
2022100108,2022-02-06
2022100201,2022-02-12
2022100202,2022-02-13
2022100203,2022-02-19
2022100204,2022-02-20
2022100205,2022-02-26
2022100206,2022-02-27
2022100301,2022-07-02
2022100302,2022-07-03
2022100303,2022-07-09
2022100304,2022-07-10
2022100305,2022-07-16
2022100306,2022-07-17
2022100307,2022-07-23
2022100308,2022-07-24
2022100401,2022-08-13
2022100402,2022-08-14
2022100403,2022-08-20
2022100404,2022-08-21
2022100405,2022-08-27
2022100406,2022-08-28
2022100407,2022-09-03
2022100408,2022-09-04
2023010101,2023-07-22
2023010102,2023-07-23
2023010103,2023-07-29
2023010104,2023-07-30
2023010105,2023-08-05
2023010106,2023-08-06
2023010201,2023-08-12
2023010202,2023-08-13
2023010203,2023-08-19
2023010204,2023-08-20
2023010205,2023-08-26
2023010206,2023-08-27
2023010207,2023-09-02
2023010208,2023-09-03
2023020101,2023-06-10
2023020102,2023-06-11
2023020103,2023-06-17
2023020104,2023-06-18
2023020105,2023-06-24
2023020106,2023-06-25
2023020201,2023-07-01
2023020202,2023-07-02
2023020203,2023-07-08
2023020204,2023-07-09
2023020205,2023-07-15
2023020206,2023-07-16
2023030101,2023-04-08
2023030102,2023-04-09
2023030103,2023-04-15
2023030104,2023-04-16
2023030105,2023-04-22
2023030106,2023-04-23
2023030201,2023-07-01
2023030202,2023-07-02
2023030203,2023-07-08
2023030204,2023-07-09
2023030205,2023-07-15
2023030206,2023-07-16
2023030207,2023-07-22
2023030208,2023-07-23
2023030301,2023-11-04
2023030302,2023-11-05
2023030303,2023-11-11
2023030304,2023-11-12
2023030305,2023-11-18
2023030306,2023-11-19
2023040101,2023-04-29
2023040102,2023-04-30
2023040103,2023-05-06
2023040104,2023-05-07
2023040105,2023-05-13
2023040106,2023-05-14
2023040107,2023-05-20
2023040108,2023-05-21
2023040201,2023-07-29
2023040202,2023-07-30
2023040203,2023-08-05
2023040204,2023-08-06
2023040301,2023-08-12
2023040302,2023-08-13
2023040303,2023-08-19
2023040304,2023-08-20
2023040305,2023-08-26
2023040306,2023-08-27
2023040307,2023-09-02
2023040308,2023-09-03
2023040401,2023-10-14
2023040402,2023-10-15
2023040403,2023-10-21
2023040404,2023-10-22
2023040405,2023-10-28
2023040406,2023-10-29
2023050101,2023-01-28
2023050102,2023-01-29
2023050103,2023-02-04
2023050104,2023-02-05
2023050105,2023-02-11
2023050106,2023-02-12
2023050107,2023-02-18
2023050108,2023-02-19
2023050201,2023-04-22
2023050202,2023-04-23
2023050203,2023-04-29
2023050204,2023-04-30
2023050205,2023-05-06
2023050206,2023-05-07
2023050207,2023-05-13
2023050208,2023-05-14
2023050209,2023-05-20
2023050210,2023-05-21
2023050211,2023-05-27
2023050212,2023-05-28
2023050301,2023-06-03
2023050302,2023-06-04
2023050303,2023-06-10
2023050304,2023-06-11
2023050305,2023-06-17
2023050306,2023-06-18
2023050307,2023-06-24
2023050308,2023-06-25
2023050401,2023-10-07
2023050402,2023-10-08
2023050403,2023-10-09
2023050404,2023-10-14
2023050405,2023-10-15
2023050406,2023-10-21
2023050407,2023-10-22
2023050408,2023-10-28
2023050409,2023-10-29
2023050501,2023-11-04
2023050502,2023-11-05
2023050503,2023-11-11
2023050504,2023-11-12
2023050505,2023-11-18
2023050506,2023-11-19
2023050507,2023-11-25
2023050508,2023-11-26
2023060101,2023-01-05
2023060102,2023-01-07
2023060103,2023-01-08
2023060104,2023-01-09
2023060105,2023-01-14
2023060106,2023-01-15
2023060107,2023-01-21
2023060108,2023-01-22
2023060201,2023-02-25
2023060202,2023-02-26
2023060203,2023-03-04
2023060204,2023-03-05
2023060205,2023-03-11
2023060206,2023-03-12
2023060207,2023-03-18
2023060208,2023-03-19
2023060301,2023-03-25
2023060302,2023-03-26
2023060303,2023-04-01
2023060304,2023-04-02
2023060305,2023-04-08
2023060306,2023-04-09
2023060307,2023-04-15
2023060308,2023-04-16
2023060401,2023-09-09
2023060402,2023-09-10
2023060403,2023-09-16
2023060404,2023-09-17
2023060405,2023-09-18
2023060406,2023-09-23
2023060407,2023-09-24
2023060408,2023-09-30
2023060409,2023-10-01
2023060501,2023-12-02
2023060502,2023-12-03
2023060503,2023-12-09
2023060504,2023-12-10
2023060505,2023-12-16
2023060506,2023-12-17
2023060507,2023-12-23
2023060508,2023-12-24
2023070101,2023-01-05
2023070102,2023-01-07
2023070103,2023-01-08
2023070104,2023-01-09
2023070105,2023-01-14
2023070106,2023-01-15
2023070107,2023-01-21
2023070108,2023-01-22
2023070109,2023-01-28
2023070110,2023-01-29
2023070111,2023-02-04
2023070112,2023-02-05
2023070201,2023-03-11
2023070202,2023-03-12
2023070203,2023-03-18
2023070204,2023-03-19
2023070205,2023-03-25
2023070206,2023-03-26
2023070301,2023-07-01
2023070302,2023-07-02
2023070303,2023-07-08
2023070304,2023-07-09
2023070305,2023-07-15
2023070306,2023-07-16
2023070307,2023-07-22
2023070308,2023-07-23
2023070401,2023-12-02
2023070402,2023-12-03
2023070403,2023-12-09
2023070404,2023-12-10
2023070405,2023-12-16
2023070406,2023-12-17
2023080101,2023-04-22
2023080102,2023-04-23
2023080103,2023-04-29
2023080104,2023-04-30
2023080105,2023-05-06
2023080106,2023-05-07
2023080107,2023-05-13
2023080108,2023-05-14
2023080109,2023-05-20
2023080110,2023-05-21
2023080111,2023-05-27
2023080112,2023-05-28
2023080201,2023-10-07
2023080202,2023-10-08
2023080203,2023-10-09
2023080204,2023-10-14
2023080205,2023-10-15
2023080206,2023-10-21
2023080207,2023-10-22
2023080208,2023-10-28
2023080209,2023-10-29
2023080301,2023-11-04
2023080302,2023-11-05
2023080303,2023-11-11
2023080304,2023-11-12
2023080305,2023-11-18
2023080306,2023-11-19
2023080307,2023-11-25
2023080308,2023-11-26
2023090101,2023-02-11
2023090102,2023-02-12
2023090103,2023-02-18
2023090104,2023-02-19
2023090105,2023-02-25
2023090106,2023-02-26
2023090107,2023-03-04
2023090108,2023-03-05
2023090109,2023-03-11
2023090110,2023-03-12
2023090111,2023-03-18
2023090112,2023-03-19
2023090201,2023-03-25
2023090202,2023-03-26
2023090203,2023-04-01
2023090204,2023-04-02
2023090205,2023-04-08
2023090206,2023-04-09
2023090207,2023-04-15
2023090208,2023-04-16
2023090301,2023-06-03
2023090302,2023-06-04
2023090303,2023-06-10
2023090304,2023-06-11
2023090305,2023-06-17
2023090306,2023-06-18
2023090307,2023-06-24
2023090308,2023-06-25
2023090401,2023-09-09
2023090402,2023-09-10
2023090403,2023-09-16
2023090404,2023-09-17
2023090405,2023-09-18
2023090406,2023-09-23
2023090407,2023-09-24
2023090408,2023-09-30
2023090409,2023-10-01
2023090501,2023-12-02
2023090502,2023-12-03
2023090503,2023-12-09
2023090504,2023-12-10
2023090505,2023-12-16
2023090506,2023-12-17
2023090507,2023-12-23
2023090508,2023-12-24
2023100101,2023-01-14
2023100102,2023-01-15
2023100103,2023-01-21
2023100104,2023-01-22
2023100105,2023-01-28
2023100106,2023-01-29
2023100107,2023-02-04
2023100108,2023-02-05
2023100201,2023-02-11
2023100202,2023-02-12
2023100203,2023-02-18
2023100204,2023-02-19
2023100205,2023-02-25
2023100206,2023-02-26
2023100301,2023-08-12
2023100302,2023-08-13
2023100303,2023-08-19
2023100304,2023-08-20
2023100305,2023-08-26
2023100306,2023-08-27
2023100307,2023-09-02
2023100308,2023-09-03
2024010101,2024-07-20
2024010102,2024-07-21
2024010103,2024-07-27
2024010104,2024-07-28
2024010105,2024-08-03
2024010106,2024-08-04
2024010201,2024-08-10
2024010202,2024-08-11
2024010203,2024-08-17
2024010204,2024-08-18
2024010205,2024-08-24
2024010206,2024-08-25
2024010207,2024-08-31
2024010208,2024-09-01
2024020101,2024-06-08
2024020102,2024-06-09
2024020103,2024-06-15
2024020104,2024-06-16
2024020105,2024-06-22
2024020106,2024-06-23
2024020107,2024-06-29
2024020108,2024-06-30
2024020109,2024-07-06
2024020110,2024-07-07
2024020111,2024-07-13
2024020112,2024-07-14
2024030101,2024-04-06
2024030102,2024-04-07
2024030103,2024-04-13
2024030104,2024-04-14
2024030105,2024-04-20
2024030106,2024-04-21
2024030201,2024-06-29
2024030202,2024-06-30
2024030203,2024-07-06
2024030204,2024-07-07
2024030205,2024-07-13
2024030206,2024-07-14
2024030207,2024-07-20
2024030208,2024-07-21
2024030301,2024-11-02
2024030302,2024-11-03
2024030303,2024-11-09
2024030304,2024-11-10
2024030305,2024-11-16
2024030306,2024-11-17
2024040101,2024-04-27
2024040102,2024-04-28
2024040103,2024-05-04
2024040104,2024-05-05
2024040105,2024-05-11
2024040106,2024-05-12
2024040107,2024-05-18
2024040108,2024-05-19
2024040201,2024-07-27
2024040202,2024-07-28
2024040203,2024-08-03
2024040204,2024-08-04
2024040301,2024-08-10
2024040302,2024-08-11
2024040303,2024-08-17
2024040304,2024-08-18
2024040305,2024-08-24
2024040306,2024-08-25
2024040307,2024-08-31
2024040308,2024-09-01
2024040401,2024-10-05
2024040402,2024-10-06
2024040403,2024-10-12
2024040404,2024-10-14
2024040405,2024-10-19
2024040406,2024-10-20
2024040407,2024-10-26
2024040408,2024-10-27
2024050101,2024-01-27
2024050102,2024-01-28
2024050103,2024-02-03
2024050104,2024-02-04
2024050105,2024-02-10
2024050106,2024-02-11
2024050107,2024-02-17
2024050108,2024-02-18
2024050201,2024-04-20
2024050202,2024-04-21
2024050203,2024-04-27
2024050204,2024-04-28
2024050205,2024-05-04
2024050206,2024-05-05
2024050207,2024-05-11
2024050208,2024-05-12
2024050209,2024-05-18
2024050210,2024-05-19
2024050211,2024-05-25
2024050212,2024-05-26
2024050301,2024-06-01
2024050302,2024-06-02
2024050303,2024-06-08
2024050304,2024-06-09
2024050305,2024-06-15
2024050306,2024-06-16
2024050307,2024-06-22
2024050308,2024-06-23
2024050401,2024-10-05
2024050402,2024-10-06
2024050403,2024-10-13
2024050404,2024-10-14
2024050405,2024-10-19
2024050406,2024-10-20
2024050407,2024-10-26
2024050408,2024-10-27
2024050501,2024-11-02
2024050502,2024-11-03
2024050503,2024-11-09
2024050504,2024-11-10
2024050505,2024-11-16
2024050506,2024-11-17
2024050507,2024-11-23
2024050508,2024-11-24
2024060101,2024-01-06
2024060102,2024-01-07
2024060103,2024-01-08
2024060104,2024-01-13
2024060105,2024-01-14
2024060106,2024-01-20
2024060107,2024-01-21
2024060201,2024-02-24
2024060202,2024-02-25
2024060203,2024-03-02
2024060204,2024-03-03
2024060205,2024-03-09
2024060206,2024-03-10
2024060207,2024-03-16
2024060208,2024-03-17
2024060301,2024-03-23
2024060302,2024-03-24
2024060303,2024-03-30
2024060304,2024-03-31
2024060305,2024-04-06
2024060306,2024-04-07
2024060307,2024-04-13
2024060308,2024-04-14
2024060401,2024-09-07
2024060402,2024-09-08
2024060403,2024-09-14
2024060404,2024-09-15
2024060405,2024-09-16
2024060406,2024-09-21
2024060407,2024-09-22
2024060408,2024-09-28
2024060409,2024-09-29
2024060501,2024-11-30
2024060502,2024-12-01
2024060503,2024-12-07
2024060504,2024-12-08
2024060505,2024-12-14
2024060506,2024-12-15
2024060507,2024-12-21
2024060508,2024-12-22
2024060509,2024-12-28
2024070101,2024-03-09
2024070102,2024-03-10
2024070103,2024-03-16
2024070104,2024-03-17
2024070105,2024-03-23
2024070106,2024-03-24
2024070201,2024-08-10
2024070202,2024-08-11
2024070203,2024-08-17
2024070204,2024-08-18
2024070205,2024-08-24
2024070206,2024-08-25
2024070207,2024-08-31
2024070208,2024-09-01
2024070301,2024-09-07
2024070302,2024-09-08
2024070303,2024-09-14
2024070304,2024-09-15
2024070305,2024-09-16
2024070306,2024-09-21
2024070307,2024-09-22
2024070308,2024-09-28
2024070309,2024-09-29
2024070401,2024-11-30
2024070402,2024-12-01
2024070403,2024-12-07
2024070404,2024-12-08
2024070405,2024-12-14
2024070406,2024-12-15
2024080101,2024-01-06
2024080102,2024-01-07
2024080103,2024-01-08
2024080104,2024-01-13
2024080105,2024-01-14
2024080106,2024-01-20
2024080107,2024-01-21
2024080201,2024-01-27
2024080202,2024-01-28
2024080203,2024-02-03
2024080204,2024-02-04
2024080205,2024-02-10
2024080206,2024-02-11
2024080207,2024-02-17
2024080208,2024-02-18
2024080301,2024-04-20
2024080302,2024-04-21
2024080303,2024-04-27
2024080304,2024-04-28
2024080305,2024-05-04
2024080306,2024-05-05
2024080307,2024-05-11
2024080308,2024-05-12
2024080309,2024-05-18
2024080310,2024-05-19
2024080311,2024-05-25
2024080312,2024-05-26
2024080401,2024-06-01
2024080402,2024-06-02
2024080403,2024-06-08
2024080404,2024-06-09
2024080405,2024-06-15
2024080406,2024-06-16
2024080407,2024-06-22
2024080408,2024-06-23
2024080501,2024-10-05
2024080502,2024-10-06
2024080503,2024-10-12
2024080504,2024-10-13
2024080505,2024-10-19
2024080506,2024-10-20
2024080507,2024-10-26
2024080508,2024-10-27
2024080601,2024-11-02
2024080602,2024-11-03
2024080603,2024-11-09
2024080604,2024-11-10
2024080605,2024-11-16
2024080606,2024-11-17
2024080607,2024-11-23
2024080608,2024-11-24
2024080701,2024-11-30
2024080702,2024-12-01
2024080703,2024-12-07
2024080704,2024-12-08
2024080705,2024-12-14
2024080706,2024-12-15
2024080707,2024-12-21
2024080708,2024-12-22
2024080709,2024-12-28
2024090101,2024-02-24
2024090102,2024-02-25
2024090103,2024-03-02
2024090104,2024-03-03
2024090105,2024-03-09
2024090106,2024-03-10
2024090107,2024-03-16
2024090108,2024-03-17
2024090201,2024-03-23
2024090202,2024-03-24
2024090203,2024-03-30
2024090204,2024-03-31
2024090205,2024-04-06
2024090206,2024-04-07
2024090207,2024-04-13
2024090208,2024-04-14
2024100101,2024-01-13
2024100102,2024-01-14
2024100103,2024-01-20
2024100104,2024-01-21
2024100105,2024-01-27
2024100106,2024-01-28
2024100107,2024-02-03
2024100108,2024-02-04
2024100201,2024-02-10
2024100202,2024-02-11
2024100203,2024-02-17
2024100204,2024-02-18
2024100205,2024-02-24
2024100206,2024-02-25
2024100207,2024-03-02
2024100208,2024-03-03
2024100301,2024-06-29
2024100302,2024-06-30
2024100303,2024-07-06
2024100304,2024-07-07
2024100305,2024-07-13
2024100306,2024-07-14
2024100307,2024-07-20
2024100308,2024-07-21
2025010101,2025-07-26
2025010102,2025-07-27
2025010103,2025-08-02
2025010104,2025-08-03
2025010105,2025-08-09
2025010106,2025-08-10
2025010107,2025-08-16
2025010108,2025-08-17
2025010201,2025-08-23
2025010202,2025-08-24
2025010203,2025-08-30
2025010204,2025-08-31
2025010205,2025-09-06
2025010206,2025-09-07
2025020101,2025-06-14
2025020102,2025-06-15
2025020103,2025-06-21
2025020104,2025-06-22
2025020105,2025-06-28
2025020106,2025-06-29
2025020107,2025-07-05
2025020108,2025-07-06
2025020109,2025-07-12
2025020110,2025-07-13
2025020111,2025-07-19
2025020112,2025-07-20
2025030101,2025-04-12
2025030102,2025-04-13
2025030103,2025-04-19
2025030104,2025-04-20
2025030105,2025-04-26
2025030106,2025-04-27
2025030201,2025-06-28
2025030202,2025-06-29
2025030203,2025-07-05
2025030204,2025-07-06
2025030205,2025-07-12
2025030206,2025-07-13
2025030207,2025-07-19
2025030208,2025-07-20
2025030301,2025-11-08
2025030302,2025-11-09
2025030303,2025-11-15
2025030304,2025-11-16
2025030305,2025-11-22
2025030306,2025-11-24
2025040101,2025-05-03
2025040102,2025-05-04
2025040103,2025-05-10
2025040104,2025-05-11
2025040105,2025-05-17
2025040106,2025-05-18
2025040107,2025-05-24
2025040108,2025-05-25
2025040201,2025-07-26
2025040202,2025-07-27
2025040203,2025-08-02
2025040204,2025-08-03
2025040205,2025-08-09
2025040206,2025-08-10
2025040207,2025-08-16
2025040208,2025-08-17
2025040301,2025-08-23
2025040302,2025-08-24
2025040303,2025-08-30
2025040304,2025-08-31
2025040401,2025-10-18
2025040402,2025-10-19
2025040403,2025-10-25
2025040404,2025-10-26
2025050101,2025-02-01
2025050102,2025-02-02
2025050103,2025-02-08
2025050104,2025-02-09
2025050105,2025-02-15
2025050106,2025-02-16
2025050107,2025-02-22
2025050108,2025-02-23
2025050201,2025-04-26
2025050202,2025-04-27
2025050203,2025-05-03
2025050204,2025-05-04
2025050205,2025-05-10
2025050206,2025-05-11
2025050207,2025-05-17
2025050208,2025-05-18
2025050209,2025-05-24
2025050210,2025-05-25
2025050211,2025-05-31
2025050212,2025-06-01
2025050301,2025-06-07
2025050302,2025-06-08
2025050303,2025-06-14
2025050304,2025-06-15
2025050305,2025-06-21
2025050306,2025-06-22
2025050401,2025-10-04
2025050402,2025-10-05
2025050403,2025-10-11
2025050404,2025-10-12
2025050405,2025-10-13
2025050406,2025-10-18
2025050407,2025-10-19
2025050408,2025-10-25
2025050409,2025-10-26
2025050410,2025-11-01
2025050411,2025-11-02
2025050501,2025-11-08
2025050502,2025-11-09
2025050503,2025-11-15
2025050504,2025-11-16
2025050505,2025-11-23
2025050506,2025-11-24
2025050507,2025-11-29
2025050508,2025-11-30
2025060101,2025-01-05
2025060102,2025-01-06
2025060103,2025-01-11
2025060104,2025-01-12
2025060105,2025-01-13
2025060106,2025-01-18
2025060107,2025-01-19
2025060108,2025-01-25
2025060109,2025-01-26
2025060201,2025-03-01
2025060202,2025-03-02
2025060203,2025-03-08
2025060204,2025-03-09
2025060205,2025-03-15
2025060206,2025-03-16
2025060207,2025-03-22
2025060208,2025-03-23
2025060301,2025-03-29
2025060302,2025-03-30
2025060303,2025-04-05
2025060304,2025-04-06
2025060305,2025-04-12
2025060306,2025-04-13
2025060307,2025-04-19
2025060308,2025-04-20
2025060401,2025-09-06
2025060402,2025-09-07
2025060403,2025-09-13
2025060404,2025-09-14
2025060405,2025-09-15
2025060406,2025-09-20
2025060407,2025-09-21
2025060408,2025-09-27
2025060409,2025-09-28
2025060501,2025-12-06
2025060502,2025-12-07
2025060503,2025-12-13
2025060504,2025-12-14
2025060505,2025-12-20
2025060506,2025-12-21
2025060507,2025-12-27
2025060508,2025-12-28
2025070101,2025-01-05
2025070102,2025-01-06
2025070103,2025-01-11
2025070104,2025-01-12
2025070105,2025-01-13
2025070106,2025-01-18
2025070107,2025-01-19
2025070108,2025-01-25
2025070109,2025-01-26
2025070201,2025-03-15
2025070202,2025-03-16
2025070203,2025-03-22
2025070204,2025-03-23
2025070205,2025-03-29
2025070206,2025-03-30
2025070301,2025-07-26
2025070302,2025-07-27
2025070303,2025-08-02
2025070304,2025-08-03
2025070305,2025-08-09
2025070306,2025-08-10
2025070307,2025-08-16
2025070308,2025-08-17
2025070401,2025-08-23
2025070402,2025-08-24
2025070403,2025-08-30
2025070404,2025-08-31
2025070501,2025-12-06
2025070502,2025-12-07
2025070503,2025-12-13
2025070504,2025-12-14
2025070505,2025-12-20
2025070506,2025-12-21
2025080101,2025-02-01
2025080102,2025-02-02
2025080103,2025-02-08
2025080104,2025-02-09
2025080105,2025-02-15
2025080106,2025-02-16
2025080107,2025-02-22
2025080108,2025-02-23
2025080201,2025-04-26
2025080202,2025-04-27
2025080203,2025-05-03
2025080204,2025-05-04
2025080205,2025-05-10
2025080206,2025-05-11
2025080207,2025-05-17
2025080208,2025-05-18
2025080209,2025-05-24
2025080210,2025-05-25
2025080211,2025-05-31
2025080212,2025-06-01
2025080301,2025-10-04
2025080302,2025-10-05
2025080303,2025-10-11
2025080304,2025-10-12
2025080305,2025-10-13
2025080306,2025-10-18
2025080307,2025-10-19
2025080308,2025-10-25
2025080309,2025-10-26
2025080310,2025-11-01
2025080311,2025-11-02
2025080401,2025-11-08
2025080402,2025-11-09
2025080403,2025-11-15
2025080404,2025-11-16
2025080405,2025-11-22
2025080406,2025-11-23
2025080407,2025-11-29
2025080408,2025-11-30
2025090101,2025-03-01
2025090102,2025-03-02
2025090103,2025-03-08
2025090104,2025-03-09
2025090105,2025-03-15
2025090106,2025-03-16
2025090107,2025-03-22
2025090108,2025-03-23
2025090201,2025-03-29
2025090202,2025-03-30
2025090203,2025-04-05
2025090204,2025-04-06
2025090205,2025-04-12
2025090206,2025-04-13
2025090207,2025-04-19
2025090208,2025-04-20
2025090301,2025-06-07
2025090302,2025-06-08
2025090303,2025-06-14
2025090304,2025-06-15
2025090305,2025-06-21
2025090306,2025-06-22
2025090401,2025-09-06
2025090402,2025-09-07
2025090403,2025-09-13
2025090404,2025-09-14
2025090405,2025-09-15
2025090406,2025-09-20
2025090407,2025-09-21
2025090408,2025-09-27
2025090409,2025-09-28
2025090501,2025-12-06
2025090502,2025-12-07
2025090503,2025-12-13
2025090504,2025-12-14
2025090505,2025-12-20
2025090506,2025-12-21
2025090507,2025-12-27
2025090508,2025-12-28
2025100101,2025-01-25
2025100102,2025-01-26
2025100103,2025-02-01
2025100104,2025-02-02
2025100105,2025-02-08
2025100106,2025-02-09
2025100107,2025-02-15
2025100108,2025-02-16
2025100109,2025-02-22
2025100110,2025-02-23
2025100111,2025-03-01
2025100112,2025-03-02
2025100201,2025-06-28
2025100202,2025-06-29
2025100203,2025-07-05
2025100204,2025-07-06
2025100205,2025-07-12
2025100206,2025-07-13
2025100207,2025-07-19
2025100208,2025-07-20
2026010101,2026-07-25
2026010102,2026-07-26
2026010103,2026-08-01
2026010104,2026-08-02
2026010105,2026-08-08
2026010106,2026-08-09
2026010107,2026-08-15
2026010108,2026-08-16
2026010201,2026-08-22
2026010202,2026-08-23
2026010203,2026-08-29
2026010204,2026-08-30
2026010205,2026-09-05
2026010206,2026-09-06
2026020101,2026-06-13
2026020102,2026-06-14
2026020103,2026-06-20
2026020104,2026-06-21
2026020105,2026-06-27
2026020106,2026-06-28
2026020107,2026-07-04
2026020108,2026-07-05
2026020109,2026-07-11
2026020110,2026-07-12
2026020111,2026-07-18
2026020112,2026-07-19
2026030101,2026-04-11
2026030102,2026-04-12
2026030103,2026-04-18
2026030104,2026-04-19
2026030105,2026-04-25
2026030106,2026-04-26
2026030201,2026-06-27
2026030202,2026-06-28
2026030203,2026-07-04
2026030204,2026-07-05
2026030205,2026-07-11
2026030206,2026-07-12
2026030207,2026-07-18
2026030208,2026-07-19
2026030301,2026-11-07
2026030302,2026-11-08
2026030303,2026-11-14
2026030304,2026-11-15
2026030305,2026-11-21
2026030306,2026-11-23
2026040101,2026-05-02
2026040102,2026-05-03
2026040103,2026-05-09
2026040104,2026-05-10
2026040105,2026-05-16
2026040106,2026-05-17
2026040107,2026-05-23
2026040108,2026-05-24
2026040201,2026-07-25
2026040202,2026-07-26
2026040203,2026-08-01
2026040204,2026-08-02
2026040205,2026-08-08
2026040206,2026-08-09
2026040207,2026-08-15
2026040208,2026-08-16
2026040301,2026-08-22
2026040302,2026-08-23
2026040303,2026-08-29
2026040304,2026-08-30
2026040401,2026-10-17
2026040402,2026-10-18
2026040403,2026-10-24
2026040404,2026-10-25
2026050101,2026-01-31
2026050102,2026-02-01
2026050103,2026-02-07
2026050104,2026-02-08
2026050105,2026-02-14
2026050106,2026-02-15
2026050107,2026-02-21
2026050108,2026-02-22
2026050201,2026-04-25
2026050202,2026-04-26
2026050203,2026-05-02
2026050204,2026-05-03
2026050205,2026-05-09
2026050206,2026-05-10
2026050207,2026-05-16
2026050208,2026-05-17
2026050209,2026-05-23
2026050210,2026-05-24
2026050211,2026-05-30
2026050212,2026-05-31
2026050301,2026-06-06
2026050302,2026-06-07
2026050303,2026-06-13
2026050304,2026-06-14
2026050305,2026-06-20
2026050306,2026-06-21
2026050401,2026-10-03
2026050402,2026-10-04
2026050403,2026-10-10
2026050404,2026-10-11
2026050405,2026-10-12
2026050406,2026-10-17
2026050407,2026-10-18
2026050408,2026-10-24
2026050409,2026-10-25
2026050410,2026-10-31
2026050411,2026-11-01
2026050501,2026-11-07
2026050502,2026-11-08
2026050503,2026-11-14
2026050504,2026-11-15
2026050505,2026-11-22
2026050506,2026-11-23
2026050507,2026-11-28
2026050508,2026-11-29
2026060101,2026-01-04
2026060102,2026-01-05
2026060103,2026-01-10
2026060104,2026-01-11
2026060105,2026-01-12
2026060106,2026-01-17
2026060107,2026-01-18
2026060108,2026-01-24
2026060109,2026-01-25
2026060201,2026-02-28
2026060202,2026-03-01
2026060203,2026-03-07
2026060204,2026-03-08
2026060205,2026-03-14
2026060206,2026-03-15
2026060207,2026-03-21
2026060208,2026-03-22
2026060301,2026-03-28
2026060302,2026-03-29
2026060303,2026-04-04
2026060304,2026-04-05
2026060305,2026-04-11
2026060306,2026-04-12
2026060307,2026-04-18
2026060308,2026-04-19
2026060401,2026-09-05
2026060402,2026-09-06
2026060403,2026-09-12
2026060404,2026-09-13
2026060405,2026-09-19
2026060406,2026-09-20
2026060407,2026-09-21
2026060408,2026-09-26
2026060409,2026-09-27
2026060501,2026-12-05
2026060502,2026-12-06
2026060503,2026-12-12
2026060504,2026-12-13
2026060505,2026-12-19
2026060506,2026-12-20
2026060507,2026-12-26
2026060508,2026-12-27
2026070101,2026-03-14
2026070102,2026-03-15
2026070103,2026-03-21
2026070104,2026-03-22
2026070105,2026-03-28
2026070106,2026-03-29
2026070201,2026-07-25
2026070202,2026-07-26
2026070203,2026-08-01
2026070204,2026-08-02
2026070205,2026-08-08
2026070206,2026-08-09
2026070207,2026-08-15
2026070208,2026-08-16
2026070301,2026-08-22
2026070302,2026-08-23
2026070303,2026-08-29
2026070304,2026-08-30
2026070401,2026-12-05
2026070402,2026-12-06
2026070403,2026-12-12
2026070404,2026-12-13
2026070405,2026-12-19
2026070406,2026-12-20
2026080101,2026-01-04
2026080102,2026-01-05
2026080103,2026-01-10
2026080104,2026-01-11
2026080105,2026-01-12
2026080106,2026-01-17
2026080107,2026-01-18
2026080108,2026-01-24
2026080109,2026-01-25
2026080201,2026-01-31
2026080202,2026-02-01
2026080203,2026-02-07
2026080204,2026-02-08
2026080205,2026-02-14
2026080206,2026-02-15
2026080301,2026-04-25
2026080302,2026-04-26
2026080303,2026-05-02
2026080304,2026-05-03
2026080305,2026-05-09
2026080306,2026-05-10
2026080307,2026-05-16
2026080308,2026-05-17
2026080309,2026-05-23
2026080310,2026-05-24
2026080311,2026-05-30
2026080312,2026-05-31
2026080401,2026-10-03
2026080402,2026-10-04
2026080403,2026-10-10
2026080404,2026-10-11
2026080405,2026-10-12
2026080406,2026-10-17
2026080407,2026-10-18
2026080408,2026-10-24
2026080409,2026-10-25
2026080410,2026-10-31
2026080411,2026-11-01
2026080501,2026-11-07
2026080502,2026-11-08
2026080503,2026-11-14
2026080504,2026-11-15
2026080505,2026-11-21
2026080506,2026-11-22
2026080507,2026-11-28
2026080508,2026-11-29
2026090101,2026-02-21
2026090102,2026-02-22
2026090103,2026-02-28
2026090104,2026-03-01
2026090105,2026-03-07
2026090106,2026-03-08
2026090107,2026-03-14
2026090108,2026-03-15
2026090109,2026-03-21
2026090110,2026-03-22
2026090201,2026-03-28
2026090202,2026-03-29
2026090203,2026-04-04
2026090204,2026-04-05
2026090205,2026-04-11
2026090206,2026-04-12
2026090207,2026-04-18
2026090208,2026-04-19
2026090301,2026-06-06
2026090302,2026-06-07
2026090303,2026-06-13
2026090304,2026-06-14
2026090305,2026-06-20
2026090306,2026-06-21
2026090401,2026-09-05
2026090402,2026-09-06
2026090403,2026-09-12
2026090404,2026-09-13
2026090405,2026-09-19
2026090406,2026-09-20
2026090407,2026-09-21
2026090408,2026-09-26
2026090409,2026-09-27
2026090501,2026-12-05
2026090502,2026-12-06
2026090503,2026-12-12
2026090504,2026-12-13
2026090505,2026-12-19
2026090506,2026-12-20
2026090507,2026-12-26
2026090508,2026-12-27
2026100101,2026-01-24
2026100102,2026-01-25
2026100103,2026-01-31
2026100104,2026-02-01
2026100105,2026-02-07
2026100106,2026-02-08
2026100107,2026-02-14
2026100108,2026-02-15
2026100109,2026-02-21
2026100110,2026-02-22
2026100111,2026-02-28
2026100112,2026-03-01
2026100201,2026-06-27
2026100202,2026-06-28
2026100203,2026-07-04
2026100204,2026-07-05
2026100205,2026-07-11
2026100206,2026-07-12
2026100207,2026-07-18
2026100208,2026-07-19
